Year,Plot,Achmi,Agrsm,Amoca,Petca,Andge,Asctu,Elyca,Koecr,Lesca,Liaas,Luppe,Monfi,Solri,Panvi,Petpu,Poapr,Schsc,Sornu,AbvBioAnnProd
2001,X2,0,0,0,0,0,0,0,0,1,0,0,0,0,0,0,0,0,0,139.35
2001,X3,0,0,0,0,0,1,0,0,0,1,0,1,1,1,0,0,0,0,80.629
2001,X5,0,0,0,0,1,0,0,0,0,0,0,0,0,0,0,0,0,0,43.071
2001,X6,0,0,0,0,0,0,0,0,0,0,0,0,0,1,0,0,1,0,59.108
2001,X9,1,1,1,1,1,1,1,0,1,1,1,1,1,1,1,1,1,1,281.808
2001,X11,1,0,0,0,0,0,0,0,0,0,0,0,0,0,0,0,0,0,146.75
2001,X12,1,0,1,1,0,0,0,1,0,0,1,1,1,0,0,1,1,1,253.259
2001,X14,0,0,0,0,0,1,0,0,0,1,0,0,0,0,0,0,0,0,127.071
2001,X15,0,1,1,1,0,0,1,0,0,0,0,1,1,0,1,1,0,0,180.692
2001,X16,0,0,0,0,0,1,0,0,0,0,0,0,0,0,0,0,0,0,61.65
2001,X20,0,0,1,1,0,0,0,0,0,0,0,0,0,0,0,0,0,0,99.413
2001,X22,0,1,1,1,0,1,1,1,0,1,0,1,1,0,0,0,0,0,237.017
2001,X24,0,0,0,0,0,1,1,0,0,0,0,0,0,1,0,0,1,0,58.042
2001,X26,0,1,0,0,0,0,1,0,0,0,0,0,0,0,1,0,0,1,118.156
2001,X27,1,1,1,1,0,1,0,1,1,1,1,1,1,1,1,1,1,1,274.896
2001,X28,0,0,0,0,0,0,0,0,1,0,0,0,0,0,1,0,0,0,168.311
2001,X29,0,0,0,0,0,0,0,0,1,0,0,0,0,0,0,0,0,0,215.631
2001,X30,1,1,1,1,1,1,1,1,0,1,1,1,1,1,0,1,1,1,206.232
2001,X31,0,0,0,0,0,0,0,0,0,0,0,0,0,0,0,0,1,0,62.988
2001,X32,0,0,0,0,1,0,0,0,0,0,0,0,0,0,0,0,0,0,57.367
2001,X33,0,1,1,1,1,0,0,0,0,1,0,0,0,0,0,0,0,0,116.607
2001,X34,1,1,1,1,1,1,1,1,0,0,1,1,1,1,1,1,1,1,166.412
2001,X35,0,1,1,1,1,1,1,1,1,1,1,1,1,1,1,0,1,1,327.121
2001,X44,0,0,1,1,0,1,0,0,0,0,0,0,0,1,1,0,0,0,149.546
2001,X45,0,0,0,0,1,0,0,0,0,1,0,0,0,0,1,0,0,0,75.675
2001,X46,1,1,1,1,1,1,1,1,0,1,1,1,1,1,1,1,1,0,276.284
2001,X48,0,0,0,0,0,0,0,1,1,0,0,0,0,0,0,0,0,0,205.779
2001,X50,1,0,1,1,0,0,1,1,1,0,0,0,0,0,1,1,0,0,240.587
2001,X53,0,0,0,0,0,0,0,0,1,0,0,0,0,0,0,1,0,1,135.6
2001,X56,0,0,0,0,0,0,0,0,0,0,1,0,0,0,0,0,1,0,205.409
2001,X57,1,1,1,1,0,0,0,1,1,0,0,1,1,0,0,1,1,0,236.841
2001,X58,0,0,0,0,1,0,0,0,0,0,0,1,1,0,0,1,0,1,81.184
2001,X62,0,0,1,1,0,0,1,0,1,0,0,0,0,0,0,0,0,0,194.235
2001,X67,0,1,1,1,0,0,0,1,0,0,1,1,1,0,0,0,0,1,276.154
2001,X68,1,1,0,0,0,1,1,1,1,1,1,1,1,1,1,1,1,1,373.197
2001,X69,1,0,0,0,0,0,0,0,0,0,0,0,0,0,0,0,0,0,121.551
2001,X70,0,0,0,0,1,1,0,0,0,0,1,0,0,0,0,0,1,0,193.229
2001,X74,1,1,1,1,0,1,1,1,0,0,0,0,0,0,0,0,0,1,143.646
2001,X75,0,0,0,0,0,1,0,0,0,0,0,0,0,1,0,0,0,0,137.97
2001,X81,1,1,0,0,0,0,1,0,1,1,0,0,0,0,1,1,1,0,196.463
2001,X82,1,0,1,1,1,1,1,0,1,1,1,1,1,1,1,1,1,1,208.283
2001,X83,0,0,0,0,0,0,0,0,0,0,1,0,0,0,0,0,0,0,228.671
2001,X87,0,0,0,0,0,0,0,0,0,0,0,0,0,0,0,0,0,1,82.669
2001,X89,1,1,1,1,1,1,1,1,0,1,1,0,0,1,1,1,1,1,248.351
2001,X92,0,0,0,0,0,0,0,0,0,0,0,0,0,0,0,0,0,1,88.463
2001,X93,0,1,0,0,0,0,0,1,0,0,1,0,0,0,1,0,0,0,361.35
2001,X94,0,0,0,0,0,0,0,0,1,0,0,0,0,0,0,0,0,0,188.287
2001,X98,1,1,0,0,1,0,0,1,0,0,1,0,0,1,0,1,0,0,249.432
2001,X104,1,0,0,0,0,0,1,1,0,1,1,0,0,0,1,0,1,0,267.9
2001,X107,0,1,1,1,1,1,1,1,1,1,1,1,1,1,1,1,1,0,207.464
2001,X108,1,1,1,1,1,0,1,1,0,1,1,1,1,1,1,1,1,1,256.079
2001,X109,0,0,0,0,1,0,0,0,0,0,0,0,0,0,0,0,0,0,82.833
2001,X110,0,0,0,0,0,0,1,0,1,0,1,0,0,1,0,0,0,0,262.656
2001,X111,1,1,1,1,0,0,0,0,1,0,0,1,1,0,0,1,0,0,239.924
2001,X115,0,1,0,0,1,1,1,1,0,0,0,1,1,0,0,1,0,0,61.471
2001,X117,0,0,0,0,0,1,0,0,0,0,1,0,0,0,0,0,0,0,259.258
2001,X118,1,1,0,0,1,1,0,1,0,0,0,1,1,0,1,0,0,0,106.656
2001,X125,0,0,0,0,0,0,0,0,0,0,0,0,0,0,1,0,1,0,215.704
2001,X127,0,0,0,0,0,0,0,0,1,0,0,0,0,0,0,0,0,0,100.427
2001,X129,0,0,0,0,0,0,0,0,0,1,0,0,0,0,0,0,0,0,155.615
2001,X130,1,0,0,0,0,1,1,0,0,1,0,0,0,1,1,0,1,0,356.629
2001,X133,0,0,1,1,0,0,0,0,1,0,0,1,1,0,0,0,1,0,178.858
2001,X135,0,0,0,0,0,0,0,0,0,0,0,0,0,0,0,0,1,0,107.437
2001,X136,1,1,1,1,1,1,1,0,1,1,1,1,1,1,1,0,1,1,288.286
2001,X137,0,0,1,1,0,0,0,0,0,0,0,0,0,0,0,0,0,0,199.742
2001,X138,1,0,0,0,0,0,1,1,0,1,0,0,0,0,0,0,0,0,189.316
2001,X139,0,1,0,0,0,0,1,1,1,0,0,0,0,0,0,0,0,0,180.968
2001,X142,0,0,0,0,0,0,0,1,0,0,0,0,0,0,0,0,0,0,113.125
2001,X146,1,0,0,0,1,0,0,0,1,0,0,1,1,1,0,1,0,0,270.25
2001,X149,0,0,1,1,0,0,0,0,0,0,0,1,1,0,0,0,0,1,270.909
2001,X151,0,0,0,0,0,0,0,0,0,0,0,0,0,0,0,0,0,0,51.392
2001,X153,0,1,0,0,0,0,0,0,0,0,0,0,0,0,0,0,0,0,55.226
2001,X156,1,1,1,1,1,1,1,1,1,1,0,1,1,1,1,0,1,1,186.254
2001,X157,0,1,0,0,0,0,0,1,0,0,0,0,0,0,0,0,0,0,59.458
2001,X160,1,1,1,1,1,1,0,1,1,1,1,1,1,1,1,0,1,1,150.552
2001,X161,0,0,0,0,0,0,0,0,0,0,0,0,0,0,0,0,0,0,41.098
2001,X163,0,0,0,0,0,0,0,0,0,0,0,0,0,0,0,0,0,1,107.779
2001,X164,0,1,1,1,1,1,1,1,1,1,0,1,1,1,1,1,1,1,225.166
2001,X165,0,0,0,0,0,0,0,0,0,0,0,0,0,0,0,1,0,1,81.55
2001,X167,0,0,0,0,0,0,0,0,0,1,0,0,0,0,0,0,0,0,159.151
2001,X168,0,0,0,0,1,0,0,1,0,0,0,0,0,0,0,0,0,0,108.996
2001,X169,1,1,0,0,1,1,1,1,1,1,1,1,1,1,1,1,0,1,366.096
2001,X170,1,0,1,1,0,1,1,1,0,0,0,1,1,0,1,0,0,0,185.046
2001,X171,0,0,0,0,0,0,0,1,0,0,1,0,0,0,0,0,0,0,208.973
2001,X174,1,1,1,1,0,1,1,1,1,1,1,1,1,1,1,0,1,1,359.38
2001,X175,0,0,0,0,0,0,0,0,0,0,1,0,0,0,0,0,0,1,351.046
2001,X176,0,1,0,0,0,0,0,0,0,1,0,0,0,1,0,1,0,0,211.97
2001,X177,0,0,1,1,1,1,0,1,0,1,0,0,0,0,0,0,1,1,227.317
2001,X178,1,1,0,0,0,0,1,1,0,1,0,1,1,1,0,0,1,0,279.543
2001,X185,0,0,0,0,0,0,0,0,0,0,0,0,0,0,1,0,0,0,175.52
2001,X186,1,1,1,1,0,1,1,1,1,0,1,1,1,1,1,1,1,1,397.899
2001,X189,0,0,0,0,0,0,0,0,0,0,0,0,0,0,0,0,1,0,94.933
2001,X190,0,0,0,0,0,0,0,0,1,1,0,0,0,0,1,0,0,0,241.799
2001,X193,0,0,0,0,1,0,0,0,0,0,1,0,0,0,0,0,0,0,348.826
2001,X197,0,0,0,0,0,1,0,0,0,0,0,0,0,1,0,0,0,0,156.367
2001,X199,0,0,0,0,0,0,0,0,0,0,1,0,0,0,0,0,1,0,347.893
2001,X201,0,0,0,0,0,0,0,0,1,0,0,0,0,0,1,0,0,1,588.571
2001,X202,1,1,1,1,1,1,1,1,1,1,1,1,1,1,1,1,1,1,511.5
2001,X205,0,0,0,0,0,0,0,0,0,0,0,0,0,0,1,0,0,0,194.741
2001,X206,0,1,0,0,1,1,0,0,1,0,1,1,1,0,0,1,0,1,387.178
2001,X208,1,1,0,0,0,0,0,1,1,0,1,0,0,1,0,1,1,0,289.593
2001,X210,1,0,0,0,0,0,1,1,1,1,1,0,0,0,0,1,1,0,311.654
2001,X211,0,0,1,1,0,0,0,0,0,0,0,1,1,0,0,0,0,0,225.97
2001,X213,1,0,1,1,1,0,0,1,1,0,0,0,0,0,0,1,1,0,212.729
2001,X220,1,1,1,1,1,1,0,1,1,0,1,1,1,1,1,1,1,1,224.563
2001,X221,0,0,0,0,0,0,0,0,0,0,0,0,0,0,0,0,0,0,215.027
2001,X223,0,0,0,0,0,0,0,1,0,1,0,0,0,0,0,1,0,0,313.962
2001,X224,1,0,0,0,0,0,0,0,0,0,0,0,0,0,0,0,0,1,128.683
2001,X225,0,0,0,0,0,0,1,0,0,0,0,0,0,0,1,0,1,0,172.842
2001,X227,0,1,1,1,1,1,1,1,1,1,1,1,1,1,1,1,1,1,319.305
2001,X229,0,0,0,0,1,0,0,0,0,0,0,0,0,0,1,1,1,0,124.796
2001,X230,0,0,0,0,0,0,0,0,0,0,0,0,0,1,0,0,0,0,161.94
2001,X232,0,0,1,1,0,0,0,1,0,0,1,1,1,1,0,0,1,1,332.775
2001,X233,0,0,0,0,0,0,0,0,0,1,0,0,0,0,1,1,0,0,265.779
2001,X234,0,0,0,0,0,0,1,0,0,0,1,0,0,0,0,0,0,0,261.788
2001,X235,1,1,1,1,1,1,0,0,1,1,1,1,1,1,1,1,1,1,302.288
2001,X236,0,0,0,0,0,0,0,0,1,0,0,0,0,1,0,0,0,0,275.265
2001,X237,0,0,0,0,0,0,0,0,0,0,0,0,0,0,0,1,0,0,73.29
2001,X239,1,1,1,1,1,1,1,1,1,0,1,1,1,0,1,1,1,1,324.337
2001,X242,0,1,1,1,1,1,1,1,0,1,1,1,1,1,1,1,1,1,261.183
2001,X253,1,1,1,1,1,1,0,1,1,1,1,1,1,1,1,1,1,1,279.221
2001,X255,0,0,0,0,0,0,0,0,0,0,0,0,0,0,0,0,0,0,40.899
2001,X256,0,1,0,0,0,0,0,0,0,0,0,0,0,0,0,0,0,0,76.183
2001,X257,1,1,1,1,0,0,1,1,1,1,1,1,1,1,1,1,1,1,468.003
2001,X259,0,0,0,0,0,0,0,0,1,0,0,0,0,0,0,0,1,0,192.317
2001,X265,0,0,0,0,0,0,0,0,0,0,1,0,0,0,0,0,0,0,146.642
2001,X266,1,1,1,1,1,0,0,0,0,0,0,0,0,0,1,0,1,1,148.396
2001,X267,0,0,0,0,0,0,0,0,0,1,0,0,0,0,0,0,0,0,259.125
2001,X268,0,0,0,0,0,0,0,1,0,0,0,0,0,0,0,0,0,0,102.25
2001,X273,1,0,0,0,1,1,1,1,1,1,1,1,1,1,1,1,1,1,552.333
2001,X278,0,0,0,0,0,0,1,0,0,0,0,0,0,0,0,0,0,1,82.179
2001,X280,0,0,0,0,0,0,0,0,0,0,0,0,0,0,0,0,1,0,88.409
2001,X282,0,0,0,0,0,0,0,0,0,0,0,0,0,0,0,0,0,1,85.388
2001,X283,1,1,0,0,1,1,1,0,0,0,0,0,0,1,0,0,1,1,85.474
2001,X286,0,0,0,0,0,0,0,0,1,0,0,0,0,0,0,1,1,1,154.509
2001,X287,1,0,0,0,0,0,1,0,0,0,0,1,1,0,0,0,1,0,85.338
2001,X290,0,0,0,0,0,0,0,0,0,0,0,1,1,0,0,0,0,0,120.446
2001,X291,0,0,0,0,0,0,0,0,0,0,0,0,0,0,1,0,0,0,129.305
2001,X292,0,0,1,1,1,0,1,1,1,0,1,0,0,0,0,1,0,1,377.634
2001,X293,0,0,0,0,1,1,0,0,1,0,1,0,0,0,1,0,1,0,329.056
2001,X296,0,0,0,0,0,0,0,0,0,0,0,0,0,0,0,0,0,0,468.154
2001,X299,0,1,1,1,1,1,1,1,1,1,1,1,1,1,1,1,1,1,320.779
2001,X300,0,0,0,0,0,0,0,0,0,0,1,0,0,1,0,0,0,0,314.621
2001,X301,1,1,1,1,1,1,1,1,1,1,1,1,1,1,0,1,1,1,289.185
2001,X302,0,0,0,0,0,0,0,0,0,1,1,1,1,0,0,0,0,0,322.704
2001,X303,1,1,1,1,0,0,0,1,0,1,1,1,1,0,0,1,0,0,379.668
2001,X304,0,1,0,0,0,0,0,1,0,0,0,0,0,0,0,0,0,0,117.234
2001,X307,0,0,0,0,0,1,0,0,0,0,1,1,1,1,1,0,1,0,364.779
2001,X308,0,0,0,0,0,1,0,0,0,0,0,0,0,0,0,0,0,0,101.984
2001,X311,0,0,0,0,0,0,0,1,0,0,0,0,0,1,0,0,0,0,172.369
2001,X313,1,0,1,1,0,0,0,1,1,1,1,0,0,0,1,0,0,0,336.354
2001,X318,1,1,1,1,1,1,1,1,1,0,1,1,1,1,0,1,1,1,235.083
2001,X322,0,0,0,0,0,0,0,0,0,0,0,0,0,0,0,0,1,0,83.242
2001,X324,0,0,0,0,0,0,1,0,0,0,0,0,0,0,0,1,0,0,104.705
2001,X325,0,0,0,0,0,0,0,1,0,0,0,1,1,1,1,0,0,0,198.762
2001,X328,1,1,1,1,1,1,1,1,1,1,1,1,1,1,1,1,1,0,253.492
2001,X329,1,1,1,1,1,0,1,1,1,0,1,1,1,1,1,1,1,1,343.558
2001,X330,0,0,0,0,1,0,0,0,0,1,0,0,0,0,0,0,0,0,99.604
2001,X331,1,1,1,1,1,1,1,1,1,1,1,1,1,1,1,0,1,0,279.979
2001,X333,0,0,0,0,0,0,1,0,0,0,0,0,0,0,0,0,0,0,70.735
2001,X334,0,0,0,0,0,0,1,0,0,0,0,0,0,0,0,0,0,1,64.528
2001,X335,0,0,1,1,0,0,0,1,0,0,0,0,0,0,0,0,0,0,108.101
2001,X336,1,1,1,1,1,1,1,1,1,1,1,1,1,1,0,0,1,1,307.779
2001,X338,0,0,0,0,0,0,0,0,0,0,0,1,1,0,0,0,0,0,134.487
2001,X339,1,0,1,1,1,1,1,1,1,1,1,1,1,1,1,1,1,0,434.158
2001,X342,0,0,0,0,0,0,0,0,0,0,1,1,1,0,0,0,0,0,479.429
2002,X2,0,0,0,0,0,0,0,0,1,0,0,0,0,0,0,0,0,0,144.854
2002,X3,0,0,0,0,0,1,0,0,0,1,0,1,1,1,0,0,0,0,143.575
2002,X5,0,0,0,0,1,0,0,0,0,0,0,0,0,0,0,0,0,0,89.9
2002,X6,0,0,0,0,0,0,0,0,0,0,0,0,0,1,0,0,1,0,64.312
2002,X9,1,1,1,1,1,1,1,0,1,1,1,1,1,1,1,1,1,1,393.119
2002,X11,1,0,0,0,0,0,0,0,0,0,0,0,0,0,0,0,0,0,103.992
2002,X12,1,0,1,1,0,0,0,1,0,0,1,1,1,0,0,1,1,1,328.155
2002,X14,0,0,0,0,0,1,0,0,0,1,0,0,0,0,0,0,0,0,179.936
2002,X15,0,1,1,1,0,0,1,0,0,0,0,1,1,0,1,1,0,0,273.38
2002,X16,0,0,0,0,0,1,0,0,0,0,0,0,0,0,0,0,0,0,89.301
2002,X20,0,0,1,1,0,0,0,0,0,0,0,0,0,0,0,0,0,0,232.044
2002,X22,0,1,1,1,0,1,1,1,0,1,0,1,1,0,0,0,0,0,218.828
2002,X24,0,0,0,0,0,1,1,0,0,0,0,0,0,1,0,0,1,0,79.953
2002,X26,0,1,0,0,0,0,1,0,0,0,0,0,0,0,1,0,0,1,200.692
2002,X27,1,1,1,1,0,1,0,1,1,1,1,1,1,1,1,1,1,1,320.474
2002,X28,0,0,0,0,0,0,0,0,1,0,0,0,0,0,1,0,0,0,153.774
2002,X29,0,0,0,0,0,0,0,0,1,0,0,0,0,0,0,0,0,0,239.149
2002,X30,1,1,1,1,1,1,1,1,0,1,1,1,1,1,0,1,1,1,238.417
2002,X31,0,0,0,0,0,0,0,0,0,0,0,0,0,0,0,0,1,0,66.883
2002,X32,0,0,0,0,1,0,0,0,0,0,0,0,0,0,0,0,0,0,85.536
2002,X33,0,1,1,1,1,0,0,0,0,1,0,0,0,0,0,0,0,0,165.895
2002,X34,1,1,1,1,1,1,1,1,0,0,1,1,1,1,1,1,1,1,286.854
2002,X35,0,1,1,1,1,1,1,1,1,1,1,1,1,1,1,0,1,1,259.741
2002,X44,0,0,1,1,0,1,0,0,0,0,0,0,0,1,1,0,0,0,211.697
2002,X45,0,0,0,0,1,0,0,0,0,1,0,0,0,0,1,0,0,0,127
2002,X46,1,1,1,1,1,1,1,1,0,1,1,1,1,1,1,1,1,0,253.647
2002,X48,0,0,0,0,0,0,0,1,1,0,0,0,0,0,0,0,0,0,295.34
2002,X50,1,0,1,1,0,0,1,1,1,0,0,0,0,0,1,1,0,0,260.946
2002,X53,0,0,0,0,0,0,0,0,1,0,0,0,0,0,0,1,0,1,178.993
2002,X56,0,0,0,0,0,0,0,0,0,0,1,0,0,0,0,0,1,0,284.608
2002,X57,1,1,1,1,0,0,0,1,1,0,0,1,1,0,0,1,1,0,273.201
2002,X58,0,0,0,0,1,0,0,0,0,0,0,1,1,0,0,1,0,1,153.473
2002,X62,0,0,1,1,0,0,1,0,1,0,0,0,0,0,0,0,0,0,169.034
2002,X67,0,1,1,1,0,0,0,1,0,0,1,1,1,0,0,0,0,1,499.808
2002,X68,1,1,0,0,0,1,1,1,1,1,1,1,1,1,1,1,1,1,560.631
2002,X69,1,0,0,0,0,0,0,0,0,0,0,0,0,0,0,0,0,0,84.113
2002,X70,0,0,0,0,1,1,0,0,0,0,1,0,0,0,0,0,1,0,296.236
2002,X74,1,1,1,1,0,1,1,1,0,0,0,0,0,0,0,0,0,1,194.554
2002,X75,0,0,0,0,0,1,0,0,0,0,0,0,0,1,0,0,0,0,152.454
2002,X81,1,1,0,0,0,0,1,0,1,1,0,0,0,0,1,1,1,0,212.489
2002,X82,1,0,1,1,1,1,1,0,1,1,1,1,1,1,1,1,1,1,285.166
2002,X83,0,0,0,0,0,0,0,0,0,0,1,0,0,0,0,0,0,0,177.878
2002,X87,0,0,0,0,0,0,0,0,0,0,0,0,0,0,0,0,0,1,92.15
2002,X89,1,1,1,1,1,1,1,1,0,1,1,0,0,1,1,1,1,1,307.732
2002,X92,0,0,0,0,0,0,0,0,0,0,0,0,0,0,0,0,0,1,119.68
2002,X93,0,1,0,0,0,0,0,1,0,0,1,0,0,0,1,0,0,0,300.159
2002,X94,0,0,0,0,0,0,0,0,1,0,0,0,0,0,0,0,0,0,181.786
2002,X98,1,1,0,0,1,0,0,1,0,0,1,0,0,1,0,1,0,0,426.648
2002,X104,1,0,0,0,0,0,1,1,0,1,1,0,0,0,1,0,1,0,487.094
2002,X107,0,1,1,1,1,1,1,1,1,1,1,1,1,1,1,1,1,0,199.35
2002,X108,1,1,1,1,1,0,1,1,0,1,1,1,1,1,1,1,1,1,323.139
2002,X109,0,0,0,0,1,0,0,0,0,0,0,0,0,0,0,0,0,0,115.348
2002,X110,0,0,0,0,0,0,1,0,1,0,1,0,0,1,0,0,0,0,275.825
2002,X111,1,1,1,1,0,0,0,0,1,0,0,1,1,0,0,1,0,0,279.558
2002,X115,0,1,0,0,1,1,1,1,0,0,0,1,1,0,0,1,0,0,116.987
2002,X117,0,0,0,0,0,1,0,0,0,0,1,0,0,0,0,0,0,0,171.153
2002,X118,1,1,0,0,1,1,0,1,0,0,0,1,1,0,1,0,0,0,185.55
2002,X125,0,0,0,0,0,0,0,0,0,0,0,0,0,0,1,0,1,0,260.55
2002,X127,0,0,0,0,0,0,0,0,1,0,0,0,0,0,0,0,0,0,274.812
2002,X129,0,0,0,0,0,0,0,0,0,1,0,0,0,0,0,0,0,0,179.594
2002,X130,1,0,0,0,0,1,1,0,0,1,0,0,0,1,1,0,1,0,365.092
2002,X133,0,0,1,1,0,0,0,0,1,0,0,1,1,0,0,0,1,0,240.443
2002,X135,0,0,0,0,0,0,0,0,0,0,0,0,0,0,0,0,1,0,103.518
2002,X136,1,1,1,1,1,1,1,0,1,1,1,1,1,1,1,0,1,1,441.603
2002,X137,0,0,1,1,0,0,0,0,0,0,0,0,0,0,0,0,0,0,441.407
2002,X138,1,0,0,0,0,0,1,1,0,1,0,0,0,0,0,0,0,0,352.098
2002,X139,0,1,0,0,0,0,1,1,1,0,0,0,0,0,0,0,0,0,422.735
2002,X142,0,0,0,0,0,0,0,1,0,0,0,0,0,0,0,0,0,0,117.991
2002,X146,1,0,0,0,1,0,0,0,1,0,0,1,1,1,0,1,0,0,344.735
2002,X149,0,0,1,1,0,0,0,0,0,0,0,1,1,0,0,0,0,1,335.901
2002,X151,0,0,0,0,0,0,0,0,0,0,0,0,0,0,0,0,0,0,60.54
2002,X153,0,1,0,0,0,0,0,0,0,0,0,0,0,0,0,0,0,0,61.614
2002,X156,1,1,1,1,1,1,1,1,1,1,0,1,1,1,1,0,1,1,194.129
2002,X157,0,1,0,0,0,0,0,1,0,0,0,0,0,0,0,0,0,0,67.956
2002,X160,1,1,1,1,1,1,0,1,1,1,1,1,1,1,1,0,1,1,167.133
2002,X161,0,0,0,0,0,0,0,0,0,0,0,0,0,0,0,0,0,0,36.898
2002,X163,0,0,0,0,0,0,0,0,0,0,0,0,0,0,0,0,0,1,103.682
2002,X164,0,1,1,1,1,1,1,1,1,1,0,1,1,1,1,1,1,1,272.499
2002,X165,0,0,0,0,0,0,0,0,0,0,0,0,0,0,0,1,0,1,131.914
2002,X167,0,0,0,0,0,0,0,0,0,1,0,0,0,0,0,0,0,0,150.892
2002,X168,0,0,0,0,1,0,0,1,0,0,0,0,0,0,0,0,0,0,186.325
2002,X169,1,1,0,0,1,1,1,1,1,1,1,1,1,1,1,1,0,1,361.628
2002,X170,1,0,1,1,0,1,1,1,0,0,0,1,1,0,1,0,0,0,208.517
2002,X171,0,0,0,0,0,0,0,1,0,0,1,0,0,0,0,0,0,0,213.088
2002,X174,1,1,1,1,0,1,1,1,1,1,1,1,1,1,1,0,1,1,470.983
2002,X175,0,0,0,0,0,0,0,0,0,0,1,0,0,0,0,0,0,1,400.471
2002,X176,0,1,0,0,0,0,0,0,0,1,0,0,0,1,0,1,0,0,195.157
2002,X177,0,0,1,1,1,1,0,1,0,1,0,0,0,0,0,0,1,1,347.343
2002,X178,1,1,0,0,0,0,1,1,0,1,0,1,1,1,0,0,1,0,300.541
2002,X185,0,0,0,0,0,0,0,0,0,0,0,0,0,0,1,0,0,0,190.831
2002,X186,1,1,1,1,0,1,1,1,1,0,1,1,1,1,1,1,1,1,529.467
2002,X189,0,0,0,0,0,0,0,0,0,0,0,0,0,0,0,0,1,0,114.423
2002,X190,0,0,0,0,0,0,0,0,1,1,0,0,0,0,1,0,0,0,273.379
2002,X193,0,0,0,0,1,0,0,0,0,0,1,0,0,0,0,0,0,0,551.724
2002,X197,0,0,0,0,0,1,0,0,0,0,0,0,0,1,0,0,0,0,192.047
2002,X199,0,0,0,0,0,0,0,0,0,0,1,0,0,0,0,0,1,0,445.741
2002,X201,0,0,0,0,0,0,0,0,1,0,0,0,0,0,1,0,0,1,557.188
2002,X202,1,1,1,1,1,1,1,1,1,1,1,1,1,1,1,1,1,1,600.179
2002,X205,0,0,0,0,0,0,0,0,0,0,0,0,0,0,1,0,0,0,114.212
2002,X206,0,1,0,0,1,1,0,0,1,0,1,1,1,0,0,1,0,1,513.141
2002,X208,1,1,0,0,0,0,0,1,1,0,1,0,0,1,0,1,1,0,586.309
2002,X210,1,0,0,0,0,0,1,1,1,1,1,0,0,0,0,1,1,0,511.119
2002,X211,0,0,1,1,0,0,0,0,0,0,0,1,1,0,0,0,0,0,297.654
2002,X213,1,0,1,1,1,0,0,1,1,0,0,0,0,0,0,1,1,0,276.947
2002,X220,1,1,1,1,1,1,0,1,1,0,1,1,1,1,1,1,1,1,372.862
2002,X221,0,0,0,0,0,0,0,0,0,0,0,0,0,0,0,0,0,0,137.644
2002,X223,0,0,0,0,0,0,0,1,0,1,0,0,0,0,0,1,0,0,158.009
2002,X224,1,0,0,0,0,0,0,0,0,0,0,0,0,0,0,0,0,1,143.256
2002,X225,0,0,0,0,0,0,1,0,0,0,0,0,0,0,1,0,1,0,209.946
2002,X227,0,1,1,1,1,1,1,1,1,1,1,1,1,1,1,1,1,1,455.705
2002,X229,0,0,0,0,1,0,0,0,0,0,0,0,0,0,1,1,1,0,158.774
2002,X230,0,0,0,0,0,0,0,0,0,0,0,0,0,1,0,0,0,0,149.779
2002,X232,0,0,1,1,0,0,0,1,0,0,1,1,1,1,0,0,1,1,686.611
2002,X233,0,0,0,0,0,0,0,0,0,1,0,0,0,0,1,1,0,0,365.551
2002,X234,0,0,0,0,0,0,1,0,0,0,1,0,0,0,0,0,0,0,350.271
2002,X235,1,1,1,1,1,1,0,0,1,1,1,1,1,1,1,1,1,1,525.653
2002,X236,0,0,0,0,0,0,0,0,1,0,0,0,0,1,0,0,0,0,312.221
2002,X237,0,0,0,0,0,0,0,0,0,0,0,0,0,0,0,1,0,0,100.367
2002,X239,1,1,1,1,1,1,1,1,1,0,1,1,1,0,1,1,1,1,447.104
2002,X242,0,1,1,1,1,1,1,1,0,1,1,1,1,1,1,1,1,1,309.413
2002,X253,1,1,1,1,1,1,0,1,1,1,1,1,1,1,1,1,1,1,415.394
2002,X255,0,0,0,0,0,0,0,0,0,0,0,0,0,0,0,0,0,0,66.238
2002,X256,0,1,0,0,0,0,0,0,0,0,0,0,0,0,0,0,0,0,94.917
2002,X257,1,1,1,1,0,0,1,1,1,1,1,1,1,1,1,1,1,1,568.405
2002,X259,0,0,0,0,0,0,0,0,1,0,0,0,0,0,0,0,1,0,290.183
2002,X265,0,0,0,0,0,0,0,0,0,0,1,0,0,0,0,0,0,0,206.581
2002,X266,1,1,1,1,1,0,0,0,0,0,0,0,0,0,1,0,1,1,313.159
2002,X267,0,0,0,0,0,0,0,0,0,1,0,0,0,0,0,0,0,0,215.1
2002,X268,0,0,0,0,0,0,0,1,0,0,0,0,0,0,0,0,0,0,113.778
2002,X273,1,0,0,0,1,1,1,1,1,1,1,1,1,1,1,1,1,1,593.892
2002,X278,0,0,0,0,0,0,1,0,0,0,0,0,0,0,0,0,0,1,119.002
2002,X280,0,0,0,0,0,0,0,0,0,0,0,0,0,0,0,0,1,0,149.149
2002,X282,0,0,0,0,0,0,0,0,0,0,0,0,0,0,0,0,0,1,109.394
2002,X283,1,1,0,0,1,1,1,0,0,0,0,0,0,1,0,0,1,1,99.633
2002,X286,0,0,0,0,0,0,0,0,1,0,0,0,0,0,0,1,1,1,206.772
2002,X287,1,0,0,0,0,0,1,0,0,0,0,1,1,0,0,0,1,0,121.769
2002,X290,0,0,0,0,0,0,0,0,0,0,0,1,1,0,0,0,0,0,210.425
2002,X291,0,0,0,0,0,0,0,0,0,0,0,0,0,0,1,0,0,0,175.003
2002,X292,0,0,1,1,1,0,1,1,1,0,1,0,0,0,0,1,0,1,430.893
2002,X293,0,0,0,0,1,1,0,0,1,0,1,0,0,0,1,0,1,0,490.356
2002,X296,0,0,0,0,0,0,0,0,0,0,0,0,0,0,0,0,0,0,156.202
2002,X299,0,1,1,1,1,1,1,1,1,1,1,1,1,1,1,1,1,1,394.113
2002,X300,0,0,0,0,0,0,0,0,0,0,1,0,0,1,0,0,0,0,423.312
2002,X301,1,1,1,1,1,1,1,1,1,1,1,1,1,1,0,1,1,1,351.167
2002,X302,0,0,0,0,0,0,0,0,0,1,1,1,1,0,0,0,0,0,499.361
2002,X303,1,1,1,1,0,0,0,1,0,1,1,1,1,0,0,1,0,0,403.169
2002,X304,0,1,0,0,0,0,0,1,0,0,0,0,0,0,0,0,0,0,117.696
2002,X307,0,0,0,0,0,1,0,0,0,0,1,1,1,1,1,0,1,0,597.817
2002,X308,0,0,0,0,0,1,0,0,0,0,0,0,0,0,0,0,0,0,119.613
2002,X311,0,0,0,0,0,0,0,1,0,0,0,0,0,1,0,0,0,0,282.296
2002,X313,1,0,1,1,0,0,0,1,1,1,1,0,0,0,1,0,0,0,340.096
2002,X318,1,1,1,1,1,1,1,1,1,0,1,1,1,1,0,1,1,1,397.487
2002,X322,0,0,0,0,0,0,0,0,0,0,0,0,0,0,0,0,1,0,96.613
2002,X324,0,0,0,0,0,0,1,0,0,0,0,0,0,0,0,1,0,0,73.904
2002,X325,0,0,0,0,0,0,0,1,0,0,0,1,1,1,1,0,0,0,220.908
2002,X328,1,1,1,1,1,1,1,1,1,1,1,1,1,1,1,1,1,0,505.404
2002,X329,1,1,1,1,1,0,1,1,1,0,1,1,1,1,1,1,1,1,344.088
2002,X330,0,0,0,0,1,0,0,0,0,1,0,0,0,0,0,0,0,0,140.339
2002,X331,1,1,1,1,1,1,1,1,1,1,1,1,1,1,1,0,1,0,413.425
2002,X333,0,0,0,0,0,0,1,0,0,0,0,0,0,0,0,0,0,0,60.906
2002,X334,0,0,0,0,0,0,1,0,0,0,0,0,0,0,0,0,0,1,92.275
2002,X335,0,0,1,1,0,0,0,1,0,0,0,0,0,0,0,0,0,0,110.038
2002,X336,1,1,1,1,1,1,1,1,1,1,1,1,1,1,0,0,1,1,375.437
2002,X338,0,0,0,0,0,0,0,0,0,0,0,1,1,0,0,0,0,0,169.789
2002,X339,1,0,1,1,1,1,1,1,1,1,1,1,1,1,1,1,1,0,502.062
2002,X342,0,0,0,0,0,0,0,0,0,0,1,1,1,0,0,0,0,0,364.446
2003,X2,0,0,0,0,0,0,0,0,1,0,0,0,0,0,0,0,0,0,123.458
2003,X3,0,0,0,0,0,1,0,0,0,1,0,1,1,1,0,0,0,0,102.462
2003,X5,0,0,0,0,1,0,0,0,0,0,0,0,0,0,0,0,0,0,81.329
2003,X6,0,0,0,0,0,0,0,0,0,0,0,0,0,1,0,0,1,0,34.974
2003,X9,1,1,1,1,1,1,1,0,1,1,1,1,1,1,1,1,1,1,322.371
2003,X11,1,0,0,0,0,0,0,0,0,0,0,0,0,0,0,0,0,0,63.212
2003,X12,1,0,1,1,0,0,0,1,0,0,1,1,1,0,0,1,1,1,324.227
2003,X14,0,0,0,0,0,1,0,0,0,1,0,0,0,0,0,0,0,0,199.017
2003,X15,0,1,1,1,0,0,1,0,0,0,0,1,1,0,1,1,0,0,260.361
2003,X16,0,0,0,0,0,1,0,0,0,0,0,0,0,0,0,0,0,0,62.64
2003,X20,0,0,1,1,0,0,0,0,0,0,0,0,0,0,0,0,0,0,310.277
2003,X22,0,1,1,1,0,1,1,1,0,1,0,1,1,0,0,0,0,0,138.408
2003,X24,0,0,0,0,0,1,1,0,0,0,0,0,0,1,0,0,1,0,53.842
2003,X26,0,1,0,0,0,0,1,0,0,0,0,0,0,0,1,0,0,1,123.672
2003,X27,1,1,1,1,0,1,0,1,1,1,1,1,1,1,1,1,1,1,307.703
2003,X28,0,0,0,0,0,0,0,0,1,0,0,0,0,0,1,0,0,0,206.105
2003,X29,0,0,0,0,0,0,0,0,1,0,0,0,0,0,0,0,0,0,410.075
2003,X30,1,1,1,1,1,1,1,1,0,1,1,1,1,1,0,1,1,1,276.936
2003,X31,0,0,0,0,0,0,0,0,0,0,0,0,0,0,0,0,1,0,42.406
2003,X32,0,0,0,0,1,0,0,0,0,0,0,0,0,0,0,0,0,0,49.708
2003,X33,0,1,1,1,1,0,0,0,0,1,0,0,0,0,0,0,0,0,167.984
2003,X34,1,1,1,1,1,1,1,1,0,0,1,1,1,1,1,1,1,1,215.603
2003,X35,0,1,1,1,1,1,1,1,1,1,1,1,1,1,1,0,1,1,358.28
2003,X44,0,0,1,1,0,1,0,0,0,0,0,0,0,1,1,0,0,0,205.625
2003,X45,0,0,0,0,1,0,0,0,0,1,0,0,0,0,1,0,0,0,158.33
2003,X46,1,1,1,1,1,1,1,1,0,1,1,1,1,1,1,1,1,0,266.708
2003,X48,0,0,0,0,0,0,0,1,1,0,0,0,0,0,0,0,0,0,286.975
2003,X50,1,0,1,1,0,0,1,1,1,0,0,0,0,0,1,1,0,0,257.95
2003,X53,0,0,0,0,0,0,0,0,1,0,0,0,0,0,0,1,0,1,145.113
2003,X56,0,0,0,0,0,0,0,0,0,0,1,0,0,0,0,0,1,0,461.396
2003,X57,1,1,1,1,0,0,0,1,1,0,0,1,1,0,0,1,1,0,346.021
2003,X58,0,0,0,0,1,0,0,0,0,0,0,1,1,0,0,1,0,1,96.43
2003,X62,0,0,1,1,0,0,1,0,1,0,0,0,0,0,0,0,0,0,251.407
2003,X67,0,1,1,1,0,0,0,1,0,0,1,1,1,0,0,0,0,1,503.967
2003,X68,1,1,0,0,0,1,1,1,1,1,1,1,1,1,1,1,1,1,388.277
2003,X69,1,0,0,0,0,0,0,0,0,0,0,0,0,0,0,0,0,0,69.747
2003,X70,0,0,0,0,1,1,0,0,0,0,1,0,0,0,0,0,1,0,390.338
2003,X74,1,1,1,1,0,1,1,1,0,0,0,0,0,0,0,0,0,1,147.034
2003,X75,0,0,0,0,0,1,0,0,0,0,0,0,0,1,0,0,0,0,97.763
2003,X81,1,1,0,0,0,0,1,0,1,1,0,0,0,0,1,1,1,0,188.442
2003,X82,1,0,1,1,1,1,1,0,1,1,1,1,1,1,1,1,1,1,334.971
2003,X83,0,0,0,0,0,0,0,0,0,0,1,0,0,0,0,0,0,0,328.141
2003,X87,0,0,0,0,0,0,0,0,0,0,0,0,0,0,0,0,0,1,69.545
2003,X89,1,1,1,1,1,1,1,1,0,1,1,0,0,1,1,1,1,1,302.583
2003,X92,0,0,0,0,0,0,0,0,0,0,0,0,0,0,0,0,0,1,104.404
2003,X93,0,1,0,0,0,0,0,1,0,0,1,0,0,0,1,0,0,0,261.238
2003,X94,0,0,0,0,0,0,0,0,1,0,0,0,0,0,0,0,0,0,307.252
2003,X98,1,1,0,0,1,0,0,1,0,0,1,0,0,1,0,1,0,0,348.596
2003,X104,1,0,0,0,0,0,1,1,0,1,1,0,0,0,1,0,1,0,334.749
2003,X107,0,1,1,1,1,1,1,1,1,1,1,1,1,1,1,1,1,0,158.818
2003,X108,1,1,1,1,1,0,1,1,0,1,1,1,1,1,1,1,1,1,486.979
2003,X109,0,0,0,0,1,0,0,0,0,0,0,0,0,0,0,0,0,0,55.811
2003,X110,0,0,0,0,0,0,1,0,1,0,1,0,0,1,0,0,0,0,215.083
2003,X111,1,1,1,1,0,0,0,0,1,0,0,1,1,0,0,1,0,0,262.108
2003,X115,0,1,0,0,1,1,1,1,0,0,0,1,1,0,0,1,0,0,79.263
2003,X117,0,0,0,0,0,1,0,0,0,0,1,0,0,0,0,0,0,0,341.533
2003,X118,1,1,0,0,1,1,0,1,0,0,0,1,1,0,1,0,0,0,88.496
2003,X125,0,0,0,0,0,0,0,0,0,0,0,0,0,0,1,0,1,0,241.575
2003,X127,0,0,0,0,0,0,0,0,1,0,0,0,0,0,0,0,0,0,168.217
2003,X129,0,0,0,0,0,0,0,0,0,1,0,0,0,0,0,0,0,0,207.42
2003,X130,1,0,0,0,0,1,1,0,0,1,0,0,0,1,1,0,1,0,279.721
2003,X133,0,0,1,1,0,0,0,0,1,0,0,1,1,0,0,0,1,0,178.992
2003,X135,0,0,0,0,0,0,0,0,0,0,0,0,0,0,0,0,1,0,107.079
2003,X136,1,1,1,1,1,1,1,0,1,1,1,1,1,1,1,0,1,1,418.887
2003,X137,0,0,1,1,0,0,0,0,0,0,0,0,0,0,0,0,0,0,622.365
2003,X138,1,0,0,0,0,0,1,1,0,1,0,0,0,0,0,0,0,0,232.283
2003,X139,0,1,0,0,0,0,1,1,1,0,0,0,0,0,0,0,0,0,265.558
2003,X142,0,0,0,0,0,0,0,1,0,0,0,0,0,0,0,0,0,0,126.429
2003,X146,1,0,0,0,1,0,0,0,1,0,0,1,1,1,0,1,0,0,238.755
2003,X149,0,0,1,1,0,0,0,0,0,0,0,1,1,0,0,0,0,1,301.817
2003,X151,0,0,0,0,0,0,0,0,0,0,0,0,0,0,0,0,0,0,168.165
2003,X153,0,1,0,0,0,0,0,0,0,0,0,0,0,0,0,0,0,0,47.104
2003,X156,1,1,1,1,1,1,1,1,1,1,0,1,1,1,1,0,1,1,168.229
2003,X157,0,1,0,0,0,0,0,1,0,0,0,0,0,0,0,0,0,0,63.8
2003,X160,1,1,1,1,1,1,0,1,1,1,1,1,1,1,1,0,1,1,165.284
2003,X161,0,0,0,0,0,0,0,0,0,0,0,0,0,0,0,0,0,0,53.002
2003,X163,0,0,0,0,0,0,0,0,0,0,0,0,0,0,0,0,0,1,80.304
2003,X164,0,1,1,1,1,1,1,1,1,1,0,1,1,1,1,1,1,1,288.1
2003,X165,0,0,0,0,0,0,0,0,0,0,0,0,0,0,0,1,0,1,119.742
2003,X167,0,0,0,0,0,0,0,0,0,1,0,0,0,0,0,0,0,0,204.993
2003,X168,0,0,0,0,1,0,0,1,0,0,0,0,0,0,0,0,0,0,138.254
2003,X169,1,1,0,0,1,1,1,1,1,1,1,1,1,1,1,1,0,1,497.73
2003,X170,1,0,1,1,0,1,1,1,0,0,0,1,1,0,1,0,0,0,201.732
2003,X171,0,0,0,0,0,0,0,1,0,0,1,0,0,0,0,0,0,0,180.814
2003,X174,1,1,1,1,0,1,1,1,1,1,1,1,1,1,1,0,1,1,407.779
2003,X175,0,0,0,0,0,0,0,0,0,0,1,0,0,0,0,0,0,1,339.402
2003,X176,0,1,0,0,0,0,0,0,0,1,0,0,0,1,0,1,0,0,135.344
2003,X177,0,0,1,1,1,1,0,1,0,1,0,0,0,0,0,0,1,1,198.808
2003,X178,1,1,0,0,0,0,1,1,0,1,0,1,1,1,0,0,1,0,314.599
2003,X185,0,0,0,0,0,0,0,0,0,0,0,0,0,0,1,0,0,0,128.457
2003,X186,1,1,1,1,0,1,1,1,1,0,1,1,1,1,1,1,1,1,427.808
2003,X189,0,0,0,0,0,0,0,0,0,0,0,0,0,0,0,0,1,0,102.685
2003,X190,0,0,0,0,0,0,0,0,1,1,0,0,0,0,1,0,0,0,198.908
2003,X193,0,0,0,0,1,0,0,0,0,0,1,0,0,0,0,0,0,0,424.291
2003,X197,0,0,0,0,0,1,0,0,0,0,0,0,0,1,0,0,0,0,131.652
2003,X199,0,0,0,0,0,0,0,0,0,0,1,0,0,0,0,0,1,0,302.617
2003,X201,0,0,0,0,0,0,0,0,1,0,0,0,0,0,1,0,0,1,836.501
2003,X202,1,1,1,1,1,1,1,1,1,1,1,1,1,1,1,1,1,1,582.373
2003,X205,0,0,0,0,0,0,0,0,0,0,0,0,0,0,1,0,0,0,158.746
2003,X206,0,1,0,0,1,1,0,0,1,0,1,1,1,0,0,1,0,1,480.746
2003,X208,1,1,0,0,0,0,0,1,1,0,1,0,0,1,0,1,1,0,528.408
2003,X210,1,0,0,0,0,0,1,1,1,1,1,0,0,0,0,1,1,0,372.137
2003,X211,0,0,1,1,0,0,0,0,0,0,0,1,1,0,0,0,0,0,267.929
2003,X213,1,0,1,1,1,0,0,1,1,0,0,0,0,0,0,1,1,0,277.917
2003,X220,1,1,1,1,1,1,0,1,1,0,1,1,1,1,1,1,1,1,375.508
2003,X221,0,0,0,0,0,0,0,0,0,0,0,0,0,0,0,0,0,0,369.146
2003,X223,0,0,0,0,0,0,0,1,0,1,0,0,0,0,0,1,0,0,159.404
2003,X224,1,0,0,0,0,0,0,0,0,0,0,0,0,0,0,0,0,1,84.039
2003,X225,0,0,0,0,0,0,1,0,0,0,0,0,0,0,1,0,1,0,134.554
2003,X227,0,1,1,1,1,1,1,1,1,1,1,1,1,1,1,1,1,1,421.736
2003,X229,0,0,0,0,1,0,0,0,0,0,0,0,0,0,1,1,1,0,97.681
2003,X230,0,0,0,0,0,0,0,0,0,0,0,0,0,1,0,0,0,0,95.217
2003,X232,0,0,1,1,0,0,0,1,0,0,1,1,1,1,0,0,1,1,396.163
2003,X233,0,0,0,0,0,0,0,0,0,1,0,0,0,0,1,1,0,0,182.176
2003,X234,0,0,0,0,0,0,1,0,0,0,1,0,0,0,0,0,0,0,393.859
2003,X235,1,1,1,1,1,1,0,0,1,1,1,1,1,1,1,1,1,1,480.734
2003,X236,0,0,0,0,0,0,0,0,1,0,0,0,0,1,0,0,0,0,293.308
2003,X237,0,0,0,0,0,0,0,0,0,0,0,0,0,0,0,1,0,0,62.504
2003,X239,1,1,1,1,1,1,1,1,1,0,1,1,1,0,1,1,1,1,855.346
2003,X242,0,1,1,1,1,1,1,1,0,1,1,1,1,1,1,1,1,1,354.53
2003,X253,1,1,1,1,1,1,0,1,1,1,1,1,1,1,1,1,1,1,305.82
2003,X255,0,0,0,0,0,0,0,0,0,0,0,0,0,0,0,0,0,0,175.975
2003,X256,0,1,0,0,0,0,0,0,0,0,0,0,0,0,0,0,0,0,79.201
2003,X257,1,1,1,1,0,0,1,1,1,1,1,1,1,1,1,1,1,1,582.775
2003,X259,0,0,0,0,0,0,0,0,1,0,0,0,0,0,0,0,1,0,234.094
2003,X265,0,0,0,0,0,0,0,0,0,0,1,0,0,0,0,0,0,0,254.679
2003,X266,1,1,1,1,1,0,0,0,0,0,0,0,0,0,1,0,1,1,190.692
2003,X267,0,0,0,0,0,0,0,0,0,1,0,0,0,0,0,0,0,0,195.6
2003,X268,0,0,0,0,0,0,0,1,0,0,0,0,0,0,0,0,0,0,86.154
2003,X273,1,0,0,0,1,1,1,1,1,1,1,1,1,1,1,1,1,1,504.477
2003,X278,0,0,0,0,0,0,1,0,0,0,0,0,0,0,0,0,0,1,59.354
2003,X280,0,0,0,0,0,0,0,0,0,0,0,0,0,0,0,0,1,0,52.038
2003,X282,0,0,0,0,0,0,0,0,0,0,0,0,0,0,0,0,0,1,72.437
2003,X283,1,1,0,0,1,1,1,0,0,0,0,0,0,1,0,0,1,1,116.95
2003,X286,0,0,0,0,0,0,0,0,1,0,0,0,0,0,0,1,1,1,133.071
2003,X287,1,0,0,0,0,0,1,0,0,0,0,1,1,0,0,0,1,0,99.008
2003,X290,0,0,0,0,0,0,0,0,0,0,0,1,1,0,0,0,0,0,364.674
2003,X291,0,0,0,0,0,0,0,0,0,0,0,0,0,0,1,0,0,0,154.688
2003,X292,0,0,1,1,1,0,1,1,1,0,1,0,0,0,0,1,0,1,343.679
2003,X293,0,0,0,0,1,1,0,0,1,0,1,0,0,0,1,0,1,0,386.946
2003,X296,0,0,0,0,0,0,0,0,0,0,0,0,0,0,0,0,0,0,326.061
2003,X299,0,1,1,1,1,1,1,1,1,1,1,1,1,1,1,1,1,1,386.313
2003,X300,0,0,0,0,0,0,0,0,0,0,1,0,0,1,0,0,0,0,342.354
2003,X301,1,1,1,1,1,1,1,1,1,1,1,1,1,1,0,1,1,1,345.721
2003,X302,0,0,0,0,0,0,0,0,0,1,1,1,1,0,0,0,0,0,378.522
2003,X303,1,1,1,1,0,0,0,1,0,1,1,1,1,0,0,1,0,0,399.979
2003,X304,0,1,0,0,0,0,0,1,0,0,0,0,0,0,0,0,0,0,115.971
2003,X307,0,0,0,0,0,1,0,0,0,0,1,1,1,1,1,0,1,0,440.579
2003,X308,0,0,0,0,0,1,0,0,0,0,0,0,0,0,0,0,0,0,107.112
2003,X311,0,0,0,0,0,0,0,1,0,0,0,0,0,1,0,0,0,0,153.903
2003,X313,1,0,1,1,0,0,0,1,1,1,1,0,0,0,1,0,0,0,324.534
2003,X318,1,1,1,1,1,1,1,1,1,0,1,1,1,1,0,1,1,1,397.426
2003,X322,0,0,0,0,0,0,0,0,0,0,0,0,0,0,0,0,1,0,60.975
2003,X324,0,0,0,0,0,0,1,0,0,0,0,0,0,0,0,1,0,0,76.325
2003,X325,0,0,0,0,0,0,0,1,0,0,0,1,1,1,1,0,0,0,223.754
2003,X328,1,1,1,1,1,1,1,1,1,1,1,1,1,1,1,1,1,0,559.305
2003,X329,1,1,1,1,1,0,1,1,1,0,1,1,1,1,1,1,1,1,413.161
2003,X330,0,0,0,0,1,0,0,0,0,1,0,0,0,0,0,0,0,0,72.925
2003,X331,1,1,1,1,1,1,1,1,1,1,1,1,1,1,1,0,1,0,399.331
2003,X333,0,0,0,0,0,0,1,0,0,0,0,0,0,0,0,0,0,0,66.587
2003,X334,0,0,0,0,0,0,1,0,0,0,0,0,0,0,0,0,0,1,72.1
2003,X335,0,0,1,1,0,0,0,1,0,0,0,0,0,0,0,0,0,0,140.45
2003,X336,1,1,1,1,1,1,1,1,1,1,1,1,1,1,0,0,1,1,379.842
2003,X338,0,0,0,0,0,0,0,0,0,0,0,1,1,0,0,0,0,0,99.802
2003,X339,1,0,1,1,1,1,1,1,1,1,1,1,1,1,1,1,1,0,389.675
2003,X342,0,0,0,0,0,0,0,0,0,0,1,1,1,0,0,0,0,0,444.468
2004,X2,0,0,0,0,0,0,0,0,1,0,0,0,0,0,0,0,0,0,76.376
2004,X3,0,0,0,0,0,1,0,0,0,1,0,1,1,1,0,0,0,0,177.661
2004,X5,0,0,0,0,1,0,0,0,0,0,0,0,0,0,0,0,0,0,39.859
2004,X6,0,0,0,0,0,0,0,0,0,0,0,0,0,1,0,0,1,0,37.716
2004,X9,1,1,1,1,1,1,1,0,1,1,1,1,1,1,1,1,1,1,384.775
2004,X11,1,0,0,0,0,0,0,0,0,0,0,0,0,0,0,0,0,0,74.159
2004,X12,1,0,1,1,0,0,0,1,0,0,1,1,1,0,0,1,1,1,412.591
2004,X14,0,0,0,0,0,1,0,0,0,1,0,0,0,0,0,0,0,0,135.879
2004,X15,0,1,1,1,0,0,1,0,0,0,0,1,1,0,1,1,0,0,235.724
2004,X16,0,0,0,0,0,1,0,0,0,0,0,0,0,0,0,0,0,0,64.706
2004,X20,0,0,1,1,0,0,0,0,0,0,0,0,0,0,0,0,0,0,166.257
2004,X22,0,1,1,1,0,1,1,1,0,1,0,1,1,0,0,0,0,0,194.636
2004,X24,0,0,0,0,0,1,1,0,0,0,0,0,0,1,0,0,1,0,48.667
2004,X26,0,1,0,0,0,0,1,0,0,0,0,0,0,0,1,0,0,1,106.588
2004,X27,1,1,1,1,0,1,0,1,1,1,1,1,1,1,1,1,1,1,331.924
2004,X28,0,0,0,0,0,0,0,0,1,0,0,0,0,0,1,0,0,0,181.372
2004,X29,0,0,0,0,0,0,0,0,1,0,0,0,0,0,0,0,0,0,182.887
2004,X30,1,1,1,1,1,1,1,1,0,1,1,1,1,1,0,1,1,1,347.992
2004,X31,0,0,0,0,0,0,0,0,0,0,0,0,0,0,0,0,1,0,40.896
2004,X32,0,0,0,0,1,0,0,0,0,0,0,0,0,0,0,0,0,0,120.633
2004,X33,0,1,1,1,1,0,0,0,0,1,0,0,0,0,0,0,0,0,169.019
2004,X34,1,1,1,1,1,1,1,1,0,0,1,1,1,1,1,1,1,1,328.775
2004,X35,0,1,1,1,1,1,1,1,1,1,1,1,1,1,1,0,1,1,312.441
2004,X44,0,0,1,1,0,1,0,0,0,0,0,0,0,1,1,0,0,0,201.045
2004,X45,0,0,0,0,1,0,0,0,0,1,0,0,0,0,1,0,0,0,175.43
2004,X46,1,1,1,1,1,1,1,1,0,1,1,1,1,1,1,1,1,0,319.305
2004,X48,0,0,0,0,0,0,0,1,1,0,0,0,0,0,0,0,0,0,242.817
2004,X50,1,0,1,1,0,0,1,1,1,0,0,0,0,0,1,1,0,0,192.762
2004,X53,0,0,0,0,0,0,0,0,1,0,0,0,0,0,0,1,0,1,150.612
2004,X56,0,0,0,0,0,0,0,0,0,0,1,0,0,0,0,0,1,0,370.779
2004,X57,1,1,1,1,0,0,0,1,1,0,0,1,1,0,0,1,1,0,219.562
2004,X58,0,0,0,0,1,0,0,0,0,0,0,1,1,0,0,1,0,1,61.102
2004,X62,0,0,1,1,0,0,1,0,1,0,0,0,0,0,0,0,0,0,224.774
2004,X67,0,1,1,1,0,0,0,1,0,0,1,1,1,0,0,0,0,1,437.193
2004,X68,1,1,0,0,0,1,1,1,1,1,1,1,1,1,1,1,1,1,425.837
2004,X69,1,0,0,0,0,0,0,0,0,0,0,0,0,0,0,0,0,0,72.625
2004,X70,0,0,0,0,1,1,0,0,0,0,1,0,0,0,0,0,1,0,275.213
2004,X74,1,1,1,1,0,1,1,1,0,0,0,0,0,0,0,0,0,1,196.95
2004,X75,0,0,0,0,0,1,0,0,0,0,0,0,0,1,0,0,0,0,114.599
2004,X81,1,1,0,0,0,0,1,0,1,1,0,0,0,0,1,1,1,0,137.967
2004,X82,1,0,1,1,1,1,1,0,1,1,1,1,1,1,1,1,1,1,414.379
2004,X83,0,0,0,0,0,0,0,0,0,0,1,0,0,0,0,0,0,0,191.719
2004,X87,0,0,0,0,0,0,0,0,0,0,0,0,0,0,0,0,0,1,62.163
2004,X89,1,1,1,1,1,1,1,1,0,1,1,0,0,1,1,1,1,1,328.395
2004,X92,0,0,0,0,0,0,0,0,0,0,0,0,0,0,0,0,0,1,98.631
2004,X93,0,1,0,0,0,0,0,1,0,0,1,0,0,0,1,0,0,0,299.204
2004,X94,0,0,0,0,0,0,0,0,1,0,0,0,0,0,0,0,0,0,189.096
2004,X98,1,1,0,0,1,0,0,1,0,0,1,0,0,1,0,1,0,0,345.96
2004,X104,1,0,0,0,0,0,1,1,0,1,1,0,0,0,1,0,1,0,300.214
2004,X107,0,1,1,1,1,1,1,1,1,1,1,1,1,1,1,1,1,0,208.821
2004,X108,1,1,1,1,1,0,1,1,0,1,1,1,1,1,1,1,1,1,295.779
2004,X109,0,0,0,0,1,0,0,0,0,0,0,0,0,0,0,0,0,0,63.81
2004,X110,0,0,0,0,0,0,1,0,1,0,1,0,0,1,0,0,0,0,381.312
2004,X111,1,1,1,1,0,0,0,0,1,0,0,1,1,0,0,1,0,0,236.752
2004,X115,0,1,0,0,1,1,1,1,0,0,0,1,1,0,0,1,0,0,67.625
2004,X117,0,0,0,0,0,1,0,0,0,0,1,0,0,0,0,0,0,0,392.104
2004,X118,1,1,0,0,1,1,0,1,0,0,0,1,1,0,1,0,0,0,91.069
2004,X125,0,0,0,0,0,0,0,0,0,0,0,0,0,0,1,0,1,0,126.762
2004,X127,0,0,0,0,0,0,0,0,1,0,0,0,0,0,0,0,0,0,261.428
2004,X129,0,0,0,0,0,0,0,0,0,1,0,0,0,0,0,0,0,0,153.637
2004,X130,1,0,0,0,0,1,1,0,0,1,0,0,0,1,1,0,1,0,213.987
2004,X133,0,0,1,1,0,0,0,0,1,0,0,1,1,0,0,0,1,0,186.421
2004,X135,0,0,0,0,0,0,0,0,0,0,0,0,0,0,0,0,1,0,85.008
2004,X136,1,1,1,1,1,1,1,0,1,1,1,1,1,1,1,0,1,1,444.205
2004,X137,0,0,1,1,0,0,0,0,0,0,0,0,0,0,0,0,0,0,376.692
2004,X138,1,0,0,0,0,0,1,1,0,1,0,0,0,0,0,0,0,0,243.7
2004,X139,0,1,0,0,0,0,1,1,1,0,0,0,0,0,0,0,0,0,336.354
2004,X142,0,0,0,0,0,0,0,1,0,0,0,0,0,0,0,0,0,0,114.05
2004,X146,1,0,0,0,1,0,0,0,1,0,0,1,1,1,0,1,0,0,200.937
2004,X149,0,0,1,1,0,0,0,0,0,0,0,1,1,0,0,0,0,1,323.773
2004,X151,0,0,0,0,0,0,0,0,0,0,0,0,0,0,0,0,0,0,239.401
2004,X153,0,1,0,0,0,0,0,0,0,0,0,0,0,0,0,0,0,0,41.902
2004,X156,1,1,1,1,1,1,1,1,1,1,0,1,1,1,1,0,1,1,179.039
2004,X157,0,1,0,0,0,0,0,1,0,0,0,0,0,0,0,0,0,0,81.971
2004,X160,1,1,1,1,1,1,0,1,1,1,1,1,1,1,1,0,1,1,248.693
2004,X161,0,0,0,0,0,0,0,0,0,0,0,0,0,0,0,0,0,0,251.207
2004,X163,0,0,0,0,0,0,0,0,0,0,0,0,0,0,0,0,0,1,73.634
2004,X164,0,1,1,1,1,1,1,1,1,1,0,1,1,1,1,1,1,1,366.947
2004,X165,0,0,0,0,0,0,0,0,0,0,0,0,0,0,0,1,0,1,71.191
2004,X167,0,0,0,0,0,0,0,0,0,1,0,0,0,0,0,0,0,0,199.133
2004,X168,0,0,0,0,1,0,0,1,0,0,0,0,0,0,0,0,0,0,140.729
2004,X169,1,1,0,0,1,1,1,1,1,1,1,1,1,1,1,1,0,1,472.983
2004,X170,1,0,1,1,0,1,1,1,0,0,0,1,1,0,1,0,0,0,226.404
2004,X171,0,0,0,0,0,0,0,1,0,0,1,0,0,0,0,0,0,0,461.425
2004,X174,1,1,1,1,0,1,1,1,1,1,1,1,1,1,1,0,1,1,332.553
2004,X175,0,0,0,0,0,0,0,0,0,0,1,0,0,0,0,0,0,1,397.013
2004,X176,0,1,0,0,0,0,0,0,0,1,0,0,0,1,0,1,0,0,204.024
2004,X177,0,0,1,1,1,1,0,1,0,1,0,0,0,0,0,0,1,1,156.932
2004,X178,1,1,0,0,0,0,1,1,0,1,0,1,1,1,0,0,1,0,273.012
2004,X185,0,0,0,0,0,0,0,0,0,0,0,0,0,0,1,0,0,0,97.121
2004,X186,1,1,1,1,0,1,1,1,1,0,1,1,1,1,1,1,1,1,418.089
2004,X189,0,0,0,0,0,0,0,0,0,0,0,0,0,0,0,0,1,0,89.858
2004,X190,0,0,0,0,0,0,0,0,1,1,0,0,0,0,1,0,0,0,199.788
2004,X193,0,0,0,0,1,0,0,0,0,0,1,0,0,0,0,0,0,0,491.65
2004,X197,0,0,0,0,0,1,0,0,0,0,0,0,0,1,0,0,0,0,131.497
2004,X199,0,0,0,0,0,0,0,0,0,0,1,0,0,0,0,0,1,0,450.198
2004,X201,0,0,0,0,0,0,0,0,1,0,0,0,0,0,1,0,0,1,235.692
2004,X202,1,1,1,1,1,1,1,1,1,1,1,1,1,1,1,1,1,1,453.084
2004,X205,0,0,0,0,0,0,0,0,0,0,0,0,0,0,1,0,0,0,129.346
2004,X206,0,1,0,0,1,1,0,0,1,0,1,1,1,0,0,1,0,1,387.713
2004,X208,1,1,0,0,0,0,0,1,1,0,1,0,0,1,0,1,1,0,461.171
2004,X210,1,0,0,0,0,0,1,1,1,1,1,0,0,0,0,1,1,0,353.038
2004,X211,0,0,1,1,0,0,0,0,0,0,0,1,1,0,0,0,0,0,243.95
2004,X213,1,0,1,1,1,0,0,1,1,0,0,0,0,0,0,1,1,0,174.963
2004,X220,1,1,1,1,1,1,0,1,1,0,1,1,1,1,1,1,1,1,310.491
2004,X221,0,0,0,0,0,0,0,0,0,0,0,0,0,0,0,0,0,0,203.366
2004,X223,0,0,0,0,0,0,0,1,0,1,0,0,0,0,0,1,0,0,247.48
2004,X224,1,0,0,0,0,0,0,0,0,0,0,0,0,0,0,0,0,1,74.939
2004,X225,0,0,0,0,0,0,1,0,0,0,0,0,0,0,1,0,1,0,144.715
2004,X227,0,1,1,1,1,1,1,1,1,1,1,1,1,1,1,1,1,1,411.792
2004,X229,0,0,0,0,1,0,0,0,0,0,0,0,0,0,1,1,1,0,114.904
2004,X230,0,0,0,0,0,0,0,0,0,0,0,0,0,1,0,0,0,0,97.613
2004,X232,0,0,1,1,0,0,0,1,0,0,1,1,1,1,0,0,1,1,483.996
2004,X233,0,0,0,0,0,0,0,0,0,1,0,0,0,0,1,1,0,0,246.676
2004,X234,0,0,0,0,0,0,1,0,0,0,1,0,0,0,0,0,0,0,407.021
2004,X235,1,1,1,1,1,1,0,0,1,1,1,1,1,1,1,1,1,1,407.405
2004,X236,0,0,0,0,0,0,0,0,1,0,0,0,0,1,0,0,0,0,269.329
2004,X237,0,0,0,0,0,0,0,0,0,0,0,0,0,0,0,1,0,0,58.362
2004,X239,1,1,1,1,1,1,1,1,1,0,1,1,1,0,1,1,1,1,474.264
2004,X242,0,1,1,1,1,1,1,1,0,1,1,1,1,1,1,1,1,1,346.683
2004,X253,1,1,1,1,1,1,0,1,1,1,1,1,1,1,1,1,1,1,372.036
2004,X255,0,0,0,0,0,0,0,0,0,0,0,0,0,0,0,0,0,0,103.257
2004,X256,0,1,0,0,0,0,0,0,0,0,0,0,0,0,0,0,0,0,43.243
2004,X257,1,1,1,1,0,0,1,1,1,1,1,1,1,1,1,1,1,1,362.143
2004,X259,0,0,0,0,0,0,0,0,1,0,0,0,0,0,0,0,1,0,282.354
2004,X265,0,0,0,0,0,0,0,0,0,0,1,0,0,0,0,0,0,0,174.475
2004,X266,1,1,1,1,1,0,0,0,0,0,0,0,0,0,1,0,1,1,202.137
2004,X267,0,0,0,0,0,0,0,0,0,1,0,0,0,0,0,0,0,0,215.208
2004,X268,0,0,0,0,0,0,0,1,0,0,0,0,0,0,0,0,0,0,89.406
2004,X273,1,0,0,0,1,1,1,1,1,1,1,1,1,1,1,1,1,1,494.457
2004,X278,0,0,0,0,0,0,1,0,0,0,0,0,0,0,0,0,0,1,56.679
2004,X280,0,0,0,0,0,0,0,0,0,0,0,0,0,0,0,0,1,0,69.118
2004,X282,0,0,0,0,0,0,0,0,0,0,0,0,0,0,0,0,0,1,71.937
2004,X283,1,1,0,0,1,1,1,0,0,0,0,0,0,1,0,0,1,1,64.858
2004,X286,0,0,0,0,0,0,0,0,1,0,0,0,0,0,0,1,1,1,165.195
2004,X287,1,0,0,0,0,0,1,0,0,0,0,1,1,0,0,0,1,0,72.762
2004,X290,0,0,0,0,0,0,0,0,0,0,0,1,1,0,0,0,0,0,190.754
2004,X291,0,0,0,0,0,0,0,0,0,0,0,0,0,0,1,0,0,0,93.529
2004,X292,0,0,1,1,1,0,1,1,1,0,1,0,0,0,0,1,0,1,388.075
2004,X293,0,0,0,0,1,1,0,0,1,0,1,0,0,0,1,0,1,0,451.569
2004,X296,0,0,0,0,0,0,0,0,0,0,0,0,0,0,0,0,0,0,457.286
2004,X299,0,1,1,1,1,1,1,1,1,1,1,1,1,1,1,1,1,1,442.56
2004,X300,0,0,0,0,0,0,0,0,0,0,1,0,0,1,0,0,0,0,426.142
2004,X301,1,1,1,1,1,1,1,1,1,1,1,1,1,1,0,1,1,1,328.334
2004,X302,0,0,0,0,0,0,0,0,0,1,1,1,1,0,0,0,0,0,528.496
2004,X303,1,1,1,1,0,0,0,1,0,1,1,1,1,0,0,1,0,0,384.358
2004,X304,0,1,0,0,0,0,0,1,0,0,0,0,0,0,0,0,0,0,98.683
2004,X307,0,0,0,0,0,1,0,0,0,0,1,1,1,1,1,0,1,0,386.04
2004,X308,0,0,0,0,0,1,0,0,0,0,0,0,0,0,0,0,0,0,89.823
2004,X311,0,0,0,0,0,0,0,1,0,0,0,0,0,1,0,0,0,0,136.596
2004,X313,1,0,1,1,0,0,0,1,1,1,1,0,0,0,1,0,0,0,457.09
2004,X318,1,1,1,1,1,1,1,1,1,0,1,1,1,1,0,1,1,1,323.899
2004,X322,0,0,0,0,0,0,0,0,0,0,0,0,0,0,0,0,1,0,59.156
2004,X324,0,0,0,0,0,0,1,0,0,0,0,0,0,0,0,1,0,0,60.152
2004,X325,0,0,0,0,0,0,0,1,0,0,0,1,1,1,1,0,0,0,156.237
2004,X328,1,1,1,1,1,1,1,1,1,1,1,1,1,1,1,1,1,0,430.758
2004,X329,1,1,1,1,1,0,1,1,1,0,1,1,1,1,1,1,1,1,318.264
2004,X330,0,0,0,0,1,0,0,0,0,1,0,0,0,0,0,0,0,0,119.783
2004,X331,1,1,1,1,1,1,1,1,1,1,1,1,1,1,1,0,1,0,320.396
2004,X333,0,0,0,0,0,0,1,0,0,0,0,0,0,0,0,0,0,0,41.321
2004,X334,0,0,0,0,0,0,1,0,0,0,0,0,0,0,0,0,0,1,48.746
2004,X335,0,0,1,1,0,0,0,1,0,0,0,0,0,0,0,0,0,0,106.542
2004,X336,1,1,1,1,1,1,1,1,1,1,1,1,1,1,0,0,1,1,385.506
2004,X338,0,0,0,0,0,0,0,0,0,0,0,1,1,0,0,0,0,0,172.171
2004,X339,1,0,1,1,1,1,1,1,1,1,1,1,1,1,1,1,1,0,369.13
2004,X342,0,0,0,0,0,0,0,0,0,0,1,1,1,0,0,0,0,0,403.871
2005,X2,0,0,0,0,0,0,0,0,1,0,0,0,0,0,0,0,0,0,131.135
2005,X3,0,0,0,0,0,1,0,0,0,1,0,1,1,1,0,0,0,0,114.641
2005,X5,0,0,0,0,1,0,0,0,0,0,0,0,0,0,0,0,0,0,96.126
2005,X6,0,0,0,0,0,0,0,0,0,0,0,0,0,1,0,0,1,0,44.429
2005,X9,1,1,1,1,1,1,1,0,1,1,1,1,1,1,1,1,1,1,301.375
2005,X11,1,0,0,0,0,0,0,0,0,0,0,0,0,0,0,0,0,0,57.376
2005,X12,1,0,1,1,0,0,0,1,0,0,1,1,1,0,0,1,1,1,316.774
2005,X14,0,0,0,0,0,1,0,0,0,1,0,0,0,0,0,0,0,0,92.514
2005,X15,0,1,1,1,0,0,1,0,0,0,0,1,1,0,1,1,0,0,170.583
2005,X16,0,0,0,0,0,1,0,0,0,0,0,0,0,0,0,0,0,0,30.058
2005,X20,0,0,1,1,0,0,0,0,0,0,0,0,0,0,0,0,0,0,96.91
2005,X22,0,1,1,1,0,1,1,1,0,1,0,1,1,0,0,0,0,0,182.548
2005,X24,0,0,0,0,0,1,1,0,0,0,0,0,0,1,0,0,1,0,54.369
2005,X26,0,1,0,0,0,0,1,0,0,0,0,0,0,0,1,0,0,1,125.354
2005,X27,1,1,1,1,0,1,0,1,1,1,1,1,1,1,1,1,1,1,253.63
2005,X28,0,0,0,0,0,0,0,0,1,0,0,0,0,0,1,0,0,0,166.414
2005,X29,0,0,0,0,0,0,0,0,1,0,0,0,0,0,0,0,0,0,88.42
2005,X30,1,1,1,1,1,1,1,1,0,1,1,1,1,1,0,1,1,1,286.359
2005,X31,0,0,0,0,0,0,0,0,0,0,0,0,0,0,0,0,1,0,38.967
2005,X32,0,0,0,0,1,0,0,0,0,0,0,0,0,0,0,0,0,0,59.341
2005,X33,0,1,1,1,1,0,0,0,0,1,0,0,0,0,0,0,0,0,149.974
2005,X34,1,1,1,1,1,1,1,1,0,0,1,1,1,1,1,1,1,1,218.368
2005,X35,0,1,1,1,1,1,1,1,1,1,1,1,1,1,1,0,1,1,196.585
2005,X44,0,0,1,1,0,1,0,0,0,0,0,0,0,1,1,0,0,0,157.045
2005,X45,0,0,0,0,1,0,0,0,0,1,0,0,0,0,1,0,0,0,144.75
2005,X46,1,1,1,1,1,1,1,1,0,1,1,1,1,1,1,1,1,0,324.934
2005,X48,0,0,0,0,0,0,0,1,1,0,0,0,0,0,0,0,0,0,165.703
2005,X50,1,0,1,1,0,0,1,1,1,0,0,0,0,0,1,1,0,0,203.608
2005,X53,0,0,0,0,0,0,0,0,1,0,0,0,0,0,0,1,0,1,106.051
2005,X56,0,0,0,0,0,0,0,0,0,0,1,0,0,0,0,0,1,0,187.003
2005,X57,1,1,1,1,0,0,0,1,1,0,0,1,1,0,0,1,1,0,210.134
2005,X58,0,0,0,0,1,0,0,0,0,0,0,1,1,0,0,1,0,1,59.76
2005,X62,0,0,1,1,0,0,1,0,1,0,0,0,0,0,0,0,0,0,210.3
2005,X67,0,1,1,1,0,0,0,1,0,0,1,1,1,0,0,0,0,1,396.458
2005,X68,1,1,0,0,0,1,1,1,1,1,1,1,1,1,1,1,1,1,349.599
2005,X69,1,0,0,0,0,0,0,0,0,0,0,0,0,0,0,0,0,0,51.681
2005,X70,0,0,0,0,1,1,0,0,0,0,1,0,0,0,0,0,1,0,354.268
2005,X74,1,1,1,1,0,1,1,1,0,0,0,0,0,0,0,0,0,1,174.928
2005,X75,0,0,0,0,0,1,0,0,0,0,0,0,0,1,0,0,0,0,114.566
2005,X81,1,1,0,0,0,0,1,0,1,1,0,0,0,0,1,1,1,0,128.125
2005,X82,1,0,1,1,1,1,1,0,1,1,1,1,1,1,1,1,1,1,211.08
2005,X83,0,0,0,0,0,0,0,0,0,0,1,0,0,0,0,0,0,0,89.009
2005,X87,0,0,0,0,0,0,0,0,0,0,0,0,0,0,0,0,0,1,54.971
2005,X89,1,1,1,1,1,1,1,1,0,1,1,0,0,1,1,1,1,1,333.332
2005,X92,0,0,0,0,0,0,0,0,0,0,0,0,0,0,0,0,0,1,93.255
2005,X93,0,1,0,0,0,0,0,1,0,0,1,0,0,0,1,0,0,0,195.417
2005,X94,0,0,0,0,0,0,0,0,1,0,0,0,0,0,0,0,0,0,133.597
2005,X98,1,1,0,0,1,0,0,1,0,0,1,0,0,1,0,1,0,0,369.22
2005,X104,1,0,0,0,0,0,1,1,0,1,1,0,0,0,1,0,1,0,227.806
2005,X107,0,1,1,1,1,1,1,1,1,1,1,1,1,1,1,1,1,0,220.372
2005,X108,1,1,1,1,1,0,1,1,0,1,1,1,1,1,1,1,1,1,363.895
2005,X109,0,0,0,0,1,0,0,0,0,0,0,0,0,0,0,0,0,0,58.18
2005,X110,0,0,0,0,0,0,1,0,1,0,1,0,0,1,0,0,0,0,268.635
2005,X111,1,1,1,1,0,0,0,0,1,0,0,1,1,0,0,1,0,0,321.074
2005,X115,0,1,0,0,1,1,1,1,0,0,0,1,1,0,0,1,0,0,86.371
2005,X117,0,0,0,0,0,1,0,0,0,0,1,0,0,0,0,0,0,0,143.168
2005,X118,1,1,0,0,1,1,0,1,0,0,0,1,1,0,1,0,0,0,122.818
2005,X125,0,0,0,0,0,0,0,0,0,0,0,0,0,0,1,0,1,0,161.6
2005,X127,0,0,0,0,0,0,0,0,1,0,0,0,0,0,0,0,0,0,281.72
2005,X129,0,0,0,0,0,0,0,0,0,1,0,0,0,0,0,0,0,0,142.434
2005,X130,1,0,0,0,0,1,1,0,0,1,0,0,0,1,1,0,1,0,176.318
2005,X133,0,0,1,1,0,0,0,0,1,0,0,1,1,0,0,0,1,0,205.329
2005,X135,0,0,0,0,0,0,0,0,0,0,0,0,0,0,0,0,1,0,55.673
2005,X136,1,1,1,1,1,1,1,0,1,1,1,1,1,1,1,0,1,1,361.167
2005,X137,0,0,1,1,0,0,0,0,0,0,0,0,0,0,0,0,0,0,371.11
2005,X138,1,0,0,0,0,0,1,1,0,1,0,0,0,0,0,0,0,0,169.616
2005,X139,0,1,0,0,0,0,1,1,1,0,0,0,0,0,0,0,0,0,205.246
2005,X142,0,0,0,0,0,0,0,1,0,0,0,0,0,0,0,0,0,0,70.948
2005,X146,1,0,0,0,1,0,0,0,1,0,0,1,1,1,0,1,0,0,251.401
2005,X149,0,0,1,1,0,0,0,0,0,0,0,1,1,0,0,0,0,1,327.958
2005,X151,0,0,0,0,0,0,0,0,0,0,0,0,0,0,0,0,0,0,109.639
2005,X153,0,1,0,0,0,0,0,0,0,0,0,0,0,0,0,0,0,0,40.208
2005,X156,1,1,1,1,1,1,1,1,1,1,0,1,1,1,1,0,1,1,238.543
2005,X157,0,1,0,0,0,0,0,1,0,0,0,0,0,0,0,0,0,0,59.075
2005,X160,1,1,1,1,1,1,0,1,1,1,1,1,1,1,1,0,1,1,191.858
2005,X161,0,0,0,0,0,0,0,0,0,0,0,0,0,0,0,0,0,0,147.999
2005,X163,0,0,0,0,0,0,0,0,0,0,0,0,0,0,0,0,0,1,68.9
2005,X164,0,1,1,1,1,1,1,1,1,1,0,1,1,1,1,1,1,1,284.032
2005,X165,0,0,0,0,0,0,0,0,0,0,0,0,0,0,0,1,0,1,96.877
2005,X167,0,0,0,0,0,0,0,0,0,1,0,0,0,0,0,0,0,0,106.712
2005,X168,0,0,0,0,1,0,0,1,0,0,0,0,0,0,0,0,0,0,85.21
2005,X169,1,1,0,0,1,1,1,1,1,1,1,1,1,1,1,1,0,1,391.165
2005,X170,1,0,1,1,0,1,1,1,0,0,0,1,1,0,1,0,0,0,221.993
2005,X171,0,0,0,0,0,0,0,1,0,0,1,0,0,0,0,0,0,0,124.436
2005,X174,1,1,1,1,0,1,1,1,1,1,1,1,1,1,1,0,1,1,418.408
2005,X175,0,0,0,0,0,0,0,0,0,0,1,0,0,0,0,0,0,1,231.656
2005,X176,0,1,0,0,0,0,0,0,0,1,0,0,0,1,0,1,0,0,211.004
2005,X177,0,0,1,1,1,1,0,1,0,1,0,0,0,0,0,0,1,1,222.247
2005,X178,1,1,0,0,0,0,1,1,0,1,0,1,1,1,0,0,1,0,296.669
2005,X185,0,0,0,0,0,0,0,0,0,0,0,0,0,0,1,0,0,0,63.396
2005,X186,1,1,1,1,0,1,1,1,1,0,1,1,1,1,1,1,1,1,410.199
2005,X189,0,0,0,0,0,0,0,0,0,0,0,0,0,0,0,0,1,0,45.334
2005,X190,0,0,0,0,0,0,0,0,1,1,0,0,0,0,1,0,0,0,120.922
2005,X193,0,0,0,0,1,0,0,0,0,0,1,0,0,0,0,0,0,0,478.133
2005,X197,0,0,0,0,0,1,0,0,0,0,0,0,0,1,0,0,0,0,188.168
2005,X199,0,0,0,0,0,0,0,0,0,0,1,0,0,0,0,0,1,0,359.045
2005,X201,0,0,0,0,0,0,0,0,1,0,0,0,0,0,1,0,0,1,395.767
2005,X202,1,1,1,1,1,1,1,1,1,1,1,1,1,1,1,1,1,1,487.915
2005,X205,0,0,0,0,0,0,0,0,0,0,0,0,0,0,1,0,0,0,116.396
2005,X206,0,1,0,0,1,1,0,0,1,0,1,1,1,0,0,1,0,1,401.555
2005,X208,1,1,0,0,0,0,0,1,1,0,1,0,0,1,0,1,1,0,405.252
2005,X210,1,0,0,0,0,0,1,1,1,1,1,0,0,0,0,1,1,0,245.154
2005,X211,0,0,1,1,0,0,0,0,0,0,0,1,1,0,0,0,0,0,216.303
2005,X213,1,0,1,1,1,0,0,1,1,0,0,0,0,0,0,1,1,0,222.439
2005,X220,1,1,1,1,1,1,0,1,1,0,1,1,1,1,1,1,1,1,277.119
2005,X221,0,0,0,0,0,0,0,0,0,0,0,0,0,0,0,0,0,0,237.218
2005,X223,0,0,0,0,0,0,0,1,0,1,0,0,0,0,0,1,0,0,97.199
2005,X224,1,0,0,0,0,0,0,0,0,0,0,0,0,0,0,0,0,1,68.254
2005,X225,0,0,0,0,0,0,1,0,0,0,0,0,0,0,1,0,1,0,110.404
2005,X227,0,1,1,1,1,1,1,1,1,1,1,1,1,1,1,1,1,1,361.062
2005,X229,0,0,0,0,1,0,0,0,0,0,0,0,0,0,1,1,1,0,92.07
2005,X230,0,0,0,0,0,0,0,0,0,0,0,0,0,1,0,0,0,0,148.444
2005,X232,0,0,1,1,0,0,0,1,0,0,1,1,1,1,0,0,1,1,340.791
2005,X233,0,0,0,0,0,0,0,0,0,1,0,0,0,0,1,1,0,0,186.211
2005,X234,0,0,0,0,0,0,1,0,0,0,1,0,0,0,0,0,0,0,214.958
2005,X235,1,1,1,1,1,1,0,0,1,1,1,1,1,1,1,1,1,1,376.942
2005,X236,0,0,0,0,0,0,0,0,1,0,0,0,0,1,0,0,0,0,300.846
2005,X237,0,0,0,0,0,0,0,0,0,0,0,0,0,0,0,1,0,0,44.438
2005,X239,1,1,1,1,1,1,1,1,1,0,1,1,1,0,1,1,1,1,473.208
2005,X242,0,1,1,1,1,1,1,1,0,1,1,1,1,1,1,1,1,1,321.586
2005,X253,1,1,1,1,1,1,0,1,1,1,1,1,1,1,1,1,1,1,328.328
2005,X255,0,0,0,0,0,0,0,0,0,0,0,0,0,0,0,0,0,0,181.38
2005,X256,0,1,0,0,0,0,0,0,0,0,0,0,0,0,0,0,0,0,45.757
2005,X257,1,1,1,1,0,0,1,1,1,1,1,1,1,1,1,1,1,1,363.219
2005,X259,0,0,0,0,0,0,0,0,1,0,0,0,0,0,0,0,1,0,265.945
2005,X265,0,0,0,0,0,0,0,0,0,0,1,0,0,0,0,0,0,0,157.796
2005,X266,1,1,1,1,1,0,0,0,0,0,0,0,0,0,1,0,1,1,198.196
2005,X267,0,0,0,0,0,0,0,0,0,1,0,0,0,0,0,0,0,0,297.982
2005,X268,0,0,0,0,0,0,0,1,0,0,0,0,0,0,0,0,0,0,98.783
2005,X273,1,0,0,0,1,1,1,1,1,1,1,1,1,1,1,1,1,1,585.256
2005,X278,0,0,0,0,0,0,1,0,0,0,0,0,0,0,0,0,0,1,46.283
2005,X280,0,0,0,0,0,0,0,0,0,0,0,0,0,0,0,0,1,0,68.669
2005,X282,0,0,0,0,0,0,0,0,0,0,0,0,0,0,0,0,0,1,55.906
2005,X283,1,1,0,0,1,1,1,0,0,0,0,0,0,1,0,0,1,1,63.406
2005,X286,0,0,0,0,0,0,0,0,1,0,0,0,0,0,0,1,1,1,142.308
2005,X287,1,0,0,0,0,0,1,0,0,0,0,1,1,0,0,0,1,0,40.347
2005,X290,0,0,0,0,0,0,0,0,0,0,0,1,1,0,0,0,0,0,95.69
2005,X291,0,0,0,0,0,0,0,0,0,0,0,0,0,0,1,0,0,0,53.058
2005,X292,0,0,1,1,1,0,1,1,1,0,1,0,0,0,0,1,0,1,493.859
2005,X293,0,0,0,0,1,1,0,0,1,0,1,0,0,0,1,0,1,0,300.348
2005,X296,0,0,0,0,0,0,0,0,0,0,0,0,0,0,0,0,0,0,447.275
2005,X299,0,1,1,1,1,1,1,1,1,1,1,1,1,1,1,1,1,1,394.131
2005,X300,0,0,0,0,0,0,0,0,0,0,1,0,0,1,0,0,0,0,304.317
2005,X301,1,1,1,1,1,1,1,1,1,1,1,1,1,1,0,1,1,1,378.63
2005,X302,0,0,0,0,0,0,0,0,0,1,1,1,1,0,0,0,0,0,316.247
2005,X303,1,1,1,1,0,0,0,1,0,1,1,1,1,0,0,1,0,0,281.067
2005,X304,0,1,0,0,0,0,0,1,0,0,0,0,0,0,0,0,0,0,54.488
2005,X307,0,0,0,0,0,1,0,0,0,0,1,1,1,1,1,0,1,0,305.97
2005,X308,0,0,0,0,0,1,0,0,0,0,0,0,0,0,0,0,0,0,51.831
2005,X311,0,0,0,0,0,0,0,1,0,0,0,0,0,1,0,0,0,0,147.733
2005,X313,1,0,1,1,0,0,0,1,1,1,1,0,0,0,1,0,0,0,325.153
2005,X318,1,1,1,1,1,1,1,1,1,0,1,1,1,1,0,1,1,1,368.929
2005,X322,0,0,0,0,0,0,0,0,0,0,0,0,0,0,0,0,1,0,60.365
2005,X324,0,0,0,0,0,0,1,0,0,0,0,0,0,0,0,1,0,0,36.812
2005,X325,0,0,0,0,0,0,0,1,0,0,0,1,1,1,1,0,0,0,189.654
2005,X328,1,1,1,1,1,1,1,1,1,1,1,1,1,1,1,1,1,0,449.758
2005,X329,1,1,1,1,1,0,1,1,1,0,1,1,1,1,1,1,1,1,307.498
2005,X330,0,0,0,0,1,0,0,0,0,1,0,0,0,0,0,0,0,0,105.092
2005,X331,1,1,1,1,1,1,1,1,1,1,1,1,1,1,1,0,1,0,377.083
2005,X333,0,0,0,0,0,0,1,0,0,0,0,0,0,0,0,0,0,0,30.208
2005,X334,0,0,0,0,0,0,1,0,0,0,0,0,0,0,0,0,0,1,32.025
2005,X335,0,0,1,1,0,0,0,1,0,0,0,0,0,0,0,0,0,0,90.733
2005,X336,1,1,1,1,1,1,1,1,1,1,1,1,1,1,0,0,1,1,421.436
2005,X338,0,0,0,0,0,0,0,0,0,0,0,1,1,0,0,0,0,0,113.979
2005,X339,1,0,1,1,1,1,1,1,1,1,1,1,1,1,1,1,1,0,479.368
2005,X342,0,0,0,0,0,0,0,0,0,0,1,1,1,0,0,0,0,0,365.516
2006,X2,0,0,0,0,0,0,0,0,1,0,0,0,0,0,0,0,0,0,224.816
2006,X3,0,0,0,0,0,1,0,0,0,1,0,1,1,1,0,0,0,0,127.252
2006,X5,0,0,0,0,1,0,0,0,0,0,0,0,0,0,0,0,0,0,71.204
2006,X6,0,0,0,0,0,0,0,0,0,0,0,0,0,1,0,0,1,0,62.338
2006,X9,1,1,1,1,1,1,1,0,1,1,1,1,1,1,1,1,1,1,217.444
2006,X11,1,0,0,0,0,0,0,0,0,0,0,0,0,0,0,0,0,0,59.58
2006,X12,1,0,1,1,0,0,0,1,0,0,1,1,1,0,0,1,1,1,268.892
2006,X14,0,0,0,0,0,1,0,0,0,1,0,0,0,0,0,0,0,0,75.145
2006,X15,0,1,1,1,0,0,1,0,0,0,0,1,1,0,1,1,0,0,152.949
2006,X16,0,0,0,0,0,1,0,0,0,0,0,0,0,0,0,0,0,0,37.779
2006,X20,0,0,1,1,0,0,0,0,0,0,0,0,0,0,0,0,0,0,84.03
2006,X22,0,1,1,1,0,1,1,1,0,1,0,1,1,0,0,0,0,0,205.047
2006,X24,0,0,0,0,0,1,1,0,0,0,0,0,0,1,0,0,1,0,48.612
2006,X26,0,1,0,0,0,0,1,0,0,0,0,0,0,0,1,0,0,1,113.054
2006,X27,1,1,1,1,0,1,0,1,1,1,1,1,1,1,1,1,1,1,305.434
2006,X28,0,0,0,0,0,0,0,0,1,0,0,0,0,0,1,0,0,0,145.009
2006,X29,0,0,0,0,0,0,0,0,1,0,0,0,0,0,0,0,0,0,88.555
2006,X30,1,1,1,1,1,1,1,1,0,1,1,1,1,1,0,1,1,1,227.458
2006,X31,0,0,0,0,0,0,0,0,0,0,0,0,0,0,0,0,1,0,18.474
2006,X32,0,0,0,0,1,0,0,0,0,0,0,0,0,0,0,0,0,0,34.471
2006,X33,0,1,1,1,1,0,0,0,0,1,0,0,0,0,0,0,0,0,151.226
2006,X34,1,1,1,1,1,1,1,1,0,0,1,1,1,1,1,1,1,1,193.871
2006,X35,0,1,1,1,1,1,1,1,1,1,1,1,1,1,1,0,1,1,185.968
2006,X44,0,0,1,1,0,1,0,0,0,0,0,0,0,1,1,0,0,0,157.423
2006,X45,0,0,0,0,1,0,0,0,0,1,0,0,0,0,1,0,0,0,119.224
2006,X46,1,1,1,1,1,1,1,1,0,1,1,1,1,1,1,1,1,0,264.996
2006,X48,0,0,0,0,0,0,0,1,1,0,0,0,0,0,0,0,0,0,135.367
2006,X50,1,0,1,1,0,0,1,1,1,0,0,0,0,0,1,1,0,0,167.006
2006,X53,0,0,0,0,0,0,0,0,1,0,0,0,0,0,0,1,0,1,124.334
2006,X56,0,0,0,0,0,0,0,0,0,0,1,0,0,0,0,0,1,0,224.046
2006,X57,1,1,1,1,0,0,0,1,1,0,0,1,1,0,0,1,1,0,230.05
2006,X58,0,0,0,0,1,0,0,0,0,0,0,1,1,0,0,1,0,1,85.313
2006,X62,0,0,1,1,0,0,1,0,1,0,0,0,0,0,0,0,0,0,148.104
2006,X67,0,1,1,1,0,0,0,1,0,0,1,1,1,0,0,0,0,1,304.854
2006,X68,1,1,0,0,0,1,1,1,1,1,1,1,1,1,1,1,1,1,321.544
2006,X69,1,0,0,0,0,0,0,0,0,0,0,0,0,0,0,0,0,0,28.184
2006,X70,0,0,0,0,1,1,0,0,0,0,1,0,0,0,0,0,1,0,265.033
2006,X74,1,1,1,1,0,1,1,1,0,0,0,0,0,0,0,0,0,1,135.574
2006,X75,0,0,0,0,0,1,0,0,0,0,0,0,0,1,0,0,0,0,78.408
2006,X81,1,1,0,0,0,0,1,0,1,1,0,0,0,0,1,1,1,0,146.871
2006,X82,1,0,1,1,1,1,1,0,1,1,1,1,1,1,1,1,1,1,256.399
2006,X83,0,0,0,0,0,0,0,0,0,0,1,0,0,0,0,0,0,0,103.954
2006,X87,0,0,0,0,0,0,0,0,0,0,0,0,0,0,0,0,0,1,56.024
2006,X89,1,1,1,1,1,1,1,1,0,1,1,0,0,1,1,1,1,1,261.093
2006,X92,0,0,0,0,0,0,0,0,0,0,0,0,0,0,0,0,0,1,86.304
2006,X93,0,1,0,0,0,0,0,1,0,0,1,0,0,0,1,0,0,0,183.417
2006,X94,0,0,0,0,0,0,0,0,1,0,0,0,0,0,0,0,0,0,212.642
2006,X98,1,1,0,0,1,0,0,1,0,0,1,0,0,1,0,1,0,0,286.575
2006,X104,1,0,0,0,0,0,1,1,0,1,1,0,0,0,1,0,1,0,218.008
2006,X107,0,1,1,1,1,1,1,1,1,1,1,1,1,1,1,1,1,0,178.081
2006,X108,1,1,1,1,1,0,1,1,0,1,1,1,1,1,1,1,1,1,321.78
2006,X109,0,0,0,0,1,0,0,0,0,0,0,0,0,0,0,0,0,0,73.667
2006,X110,0,0,0,0,0,0,1,0,1,0,1,0,0,1,0,0,0,0,216.792
2006,X111,1,1,1,1,0,0,0,0,1,0,0,1,1,0,0,1,0,0,239.836
2006,X115,0,1,0,0,1,1,1,1,0,0,0,1,1,0,0,1,0,0,79.826
2006,X117,0,0,0,0,0,1,0,0,0,0,1,0,0,0,0,0,0,0,211.887
2006,X118,1,1,0,0,1,1,0,1,0,0,0,1,1,0,1,0,0,0,115.255
2006,X125,0,0,0,0,0,0,0,0,0,0,0,0,0,0,1,0,1,0,153.479
2006,X127,0,0,0,0,0,0,0,0,1,0,0,0,0,0,0,0,0,0,314.897
2006,X129,0,0,0,0,0,0,0,0,0,1,0,0,0,0,0,0,0,0,126.937
2006,X130,1,0,0,0,0,1,1,0,0,1,0,0,0,1,1,0,1,0,139.705
2006,X133,0,0,1,1,0,0,0,0,1,0,0,1,1,0,0,0,1,0,167.159
2006,X135,0,0,0,0,0,0,0,0,0,0,0,0,0,0,0,0,1,0,47.56
2006,X136,1,1,1,1,1,1,1,0,1,1,1,1,1,1,1,0,1,1,222.154
2006,X137,0,0,1,1,0,0,0,0,0,0,0,0,0,0,0,0,0,0,195.722
2006,X138,1,0,0,0,0,0,1,1,0,1,0,0,0,0,0,0,0,0,153.104
2006,X139,0,1,0,0,0,0,1,1,1,0,0,0,0,0,0,0,0,0,212.162
2006,X142,0,0,0,0,0,0,0,1,0,0,0,0,0,0,0,0,0,0,50.314
2006,X146,1,0,0,0,1,0,0,0,1,0,0,1,1,1,0,1,0,0,189.026
2006,X149,0,0,1,1,0,0,0,0,0,0,0,1,1,0,0,0,0,1,197.948
2006,X151,0,0,0,0,0,0,0,0,0,0,0,0,0,0,0,0,0,0,136.605
2006,X153,0,1,0,0,0,0,0,0,0,0,0,0,0,0,0,0,0,0,17.626
2006,X156,1,1,1,1,1,1,1,1,1,1,0,1,1,1,1,0,1,1,187.869
2006,X157,0,1,0,0,0,0,0,1,0,0,0,0,0,0,0,0,0,0,42.112
2006,X160,1,1,1,1,1,1,0,1,1,1,1,1,1,1,1,0,1,1,206.669
2006,X161,0,0,0,0,0,0,0,0,0,0,0,0,0,0,0,0,0,0,148.004
2006,X163,0,0,0,0,0,0,0,0,0,0,0,0,0,0,0,0,0,1,54.375
2006,X164,0,1,1,1,1,1,1,1,1,1,0,1,1,1,1,1,1,1,180.794
2006,X165,0,0,0,0,0,0,0,0,0,0,0,0,0,0,0,1,0,1,73.526
2006,X167,0,0,0,0,0,0,0,0,0,1,0,0,0,0,0,0,0,0,80.248
2006,X168,0,0,0,0,1,0,0,1,0,0,0,0,0,0,0,0,0,0,78.038
2006,X169,1,1,0,0,1,1,1,1,1,1,1,1,1,1,1,1,0,1,270.172
2006,X170,1,0,1,1,0,1,1,1,0,0,0,1,1,0,1,0,0,0,148.125
2006,X171,0,0,0,0,0,0,0,1,0,0,1,0,0,0,0,0,0,0,173.058
2006,X174,1,1,1,1,0,1,1,1,1,1,1,1,1,1,1,0,1,1,241.52
2006,X175,0,0,0,0,0,0,0,0,0,0,1,0,0,0,0,0,0,1,199.896
2006,X176,0,1,0,0,0,0,0,0,0,1,0,0,0,1,0,1,0,0,153.919
2006,X177,0,0,1,1,1,1,0,1,0,1,0,0,0,0,0,0,1,1,172.902
2006,X178,1,1,0,0,0,0,1,1,0,1,0,1,1,1,0,0,1,0,217.271
2006,X185,0,0,0,0,0,0,0,0,0,0,0,0,0,0,1,0,0,0,72.292
2006,X186,1,1,1,1,0,1,1,1,1,0,1,1,1,1,1,1,1,1,350.167
2006,X189,0,0,0,0,0,0,0,0,0,0,0,0,0,0,0,0,1,0,81.096
2006,X190,0,0,0,0,0,0,0,0,1,1,0,0,0,0,1,0,0,0,137.237
2006,X193,0,0,0,0,1,0,0,0,0,0,1,0,0,0,0,0,0,0,295.441
2006,X197,0,0,0,0,0,1,0,0,0,0,0,0,0,1,0,0,0,0,138.74
2006,X199,0,0,0,0,0,0,0,0,0,0,1,0,0,0,0,0,1,0,179.772
2006,X201,0,0,0,0,0,0,0,0,1,0,0,0,0,0,1,0,0,1,158.542
2006,X202,1,1,1,1,1,1,1,1,1,1,1,1,1,1,1,1,1,1,307.708
2006,X205,0,0,0,0,0,0,0,0,0,0,0,0,0,0,1,0,0,0,87.563
2006,X206,0,1,0,0,1,1,0,0,1,0,1,1,1,0,0,1,0,1,212.433
2006,X208,1,1,0,0,0,0,0,1,1,0,1,0,0,1,0,1,1,0,207.229
2006,X210,1,0,0,0,0,0,1,1,1,1,1,0,0,0,0,1,1,0,212.662
2006,X211,0,0,1,1,0,0,0,0,0,0,0,1,1,0,0,0,0,0,176.077
2006,X213,1,0,1,1,1,0,0,1,1,0,0,0,0,0,0,1,1,0,130.358
2006,X220,1,1,1,1,1,1,0,1,1,0,1,1,1,1,1,1,1,1,221.729
2006,X221,0,0,0,0,0,0,0,0,0,0,0,0,0,0,0,0,0,0,331.39
2006,X223,0,0,0,0,0,0,0,1,0,1,0,0,0,0,0,1,0,0,94.974
2006,X224,1,0,0,0,0,0,0,0,0,0,0,0,0,0,0,0,0,1,63.947
2006,X225,0,0,0,0,0,0,1,0,0,0,0,0,0,0,1,0,1,0,86.162
2006,X227,0,1,1,1,1,1,1,1,1,1,1,1,1,1,1,1,1,1,293.252
2006,X229,0,0,0,0,1,0,0,0,0,0,0,0,0,0,1,1,1,0,82.026
2006,X230,0,0,0,0,0,0,0,0,0,0,0,0,0,1,0,0,0,0,109.455
2006,X232,0,0,1,1,0,0,0,1,0,0,1,1,1,1,0,0,1,1,234.887
2006,X233,0,0,0,0,0,0,0,0,0,1,0,0,0,0,1,1,0,0,127.938
2006,X234,0,0,0,0,0,0,1,0,0,0,1,0,0,0,0,0,0,0,165.263
2006,X235,1,1,1,1,1,1,0,0,1,1,1,1,1,1,1,1,1,1,302.955
2006,X236,0,0,0,0,0,0,0,0,1,0,0,0,0,1,0,0,0,0,270.671
2006,X237,0,0,0,0,0,0,0,0,0,0,0,0,0,0,0,1,0,0,39.671
2006,X239,1,1,1,1,1,1,1,1,1,0,1,1,1,0,1,1,1,1,377.818
2006,X242,0,1,1,1,1,1,1,1,0,1,1,1,1,1,1,1,1,1,354.18
2006,X253,1,1,1,1,1,1,0,1,1,1,1,1,1,1,1,1,1,1,239.994
2006,X255,0,0,0,0,0,0,0,0,0,0,0,0,0,0,0,0,0,0,97.231
2006,X256,0,1,0,0,0,0,0,0,0,0,0,0,0,0,0,0,0,0,31.124
2006,X257,1,1,1,1,0,0,1,1,1,1,1,1,1,1,1,1,1,1,365.958
2006,X259,0,0,0,0,0,0,0,0,1,0,0,0,0,0,0,0,1,0,267.95
2006,X265,0,0,0,0,0,0,0,0,0,0,1,0,0,0,0,0,0,0,189.573
2006,X266,1,1,1,1,1,0,0,0,0,0,0,0,0,0,1,0,1,1,185.989
2006,X267,0,0,0,0,0,0,0,0,0,1,0,0,0,0,0,0,0,0,122.321
2006,X268,0,0,0,0,0,0,0,1,0,0,0,0,0,0,0,0,0,0,71.156
2006,X273,1,0,0,0,1,1,1,1,1,1,1,1,1,1,1,1,1,1,458.113
2006,X278,0,0,0,0,0,0,1,0,0,0,0,0,0,0,0,0,0,1,40.754
2006,X280,0,0,0,0,0,0,0,0,0,0,0,0,0,0,0,0,1,0,53.512
2006,X282,0,0,0,0,0,0,0,0,0,0,0,0,0,0,0,0,0,1,37.996
2006,X283,1,1,0,0,1,1,1,0,0,0,0,0,0,1,0,0,1,1,89.936
2006,X286,0,0,0,0,0,0,0,0,1,0,0,0,0,0,0,1,1,1,114.446
2006,X287,1,0,0,0,0,0,1,0,0,0,0,1,1,0,0,0,1,0,83.314
2006,X290,0,0,0,0,0,0,0,0,0,0,0,1,1,0,0,0,0,0,115.445
2006,X291,0,0,0,0,0,0,0,0,0,0,0,0,0,0,1,0,0,0,87.17
2006,X292,0,0,1,1,1,0,1,1,1,0,1,0,0,0,0,1,0,1,357.104
2006,X293,0,0,0,0,1,1,0,0,1,0,1,0,0,0,1,0,1,0,279.625
2006,X296,0,0,0,0,0,0,0,0,0,0,0,0,0,0,0,0,0,0,42.972
2006,X299,0,1,1,1,1,1,1,1,1,1,1,1,1,1,1,1,1,1,270.197
2006,X300,0,0,0,0,0,0,0,0,0,0,1,0,0,1,0,0,0,0,313.367
2006,X301,1,1,1,1,1,1,1,1,1,1,1,1,1,1,0,1,1,1,253.333
2006,X302,0,0,0,0,0,0,0,0,0,1,1,1,1,0,0,0,0,0,290.648
2006,X303,1,1,1,1,0,0,0,1,0,1,1,1,1,0,0,1,0,0,286.654
2006,X304,0,1,0,0,0,0,0,1,0,0,0,0,0,0,0,0,0,0,73.658
2006,X307,0,0,0,0,0,1,0,0,0,0,1,1,1,1,1,0,1,0,278.858
2006,X308,0,0,0,0,0,1,0,0,0,0,0,0,0,0,0,0,0,0,31.138
2006,X311,0,0,0,0,0,0,0,1,0,0,0,0,0,1,0,0,0,0,132.83
2006,X313,1,0,1,1,0,0,0,1,1,1,1,0,0,0,1,0,0,0,219.833
2006,X318,1,1,1,1,1,1,1,1,1,0,1,1,1,1,0,1,1,1,259.631
2006,X322,0,0,0,0,0,0,0,0,0,0,0,0,0,0,0,0,1,0,46.562
2006,X324,0,0,0,0,0,0,1,0,0,0,0,0,0,0,0,1,0,0,38.304
2006,X325,0,0,0,0,0,0,0,1,0,0,0,1,1,1,1,0,0,0,132.883
2006,X328,1,1,1,1,1,1,1,1,1,1,1,1,1,1,1,1,1,0,301.293
2006,X329,1,1,1,1,1,0,1,1,1,0,1,1,1,1,1,1,1,1,235.076
2006,X330,0,0,0,0,1,0,0,0,0,1,0,0,0,0,0,0,0,0,64.987
2006,X331,1,1,1,1,1,1,1,1,1,1,1,1,1,1,1,0,1,0,240.115
2006,X333,0,0,0,0,0,0,1,0,0,0,0,0,0,0,0,0,0,0,16.872
2006,X334,0,0,0,0,0,0,1,0,0,0,0,0,0,0,0,0,0,1,50.755
2006,X335,0,0,1,1,0,0,0,1,0,0,0,0,0,0,0,0,0,0,70.967
2006,X336,1,1,1,1,1,1,1,1,1,1,1,1,1,1,0,0,1,1,325.667
2006,X338,0,0,0,0,0,0,0,0,0,0,0,1,1,0,0,0,0,0,150.138
2006,X339,1,0,1,1,1,1,1,1,1,1,1,1,1,1,1,1,1,0,320.905
2006,X342,0,0,0,0,0,0,0,0,0,0,1,1,1,0,0,0,0,0,386.779
2007,X2,0,0,0,0,0,0,0,0,1,0,0,0,0,0,0,0,0,0,122.595
2007,X3,0,0,0,0,0,1,0,0,0,1,0,1,1,1,0,0,0,0,202.555
2007,X5,0,0,0,0,1,0,0,0,0,0,0,0,0,0,0,0,0,0,49.28
2007,X6,0,0,0,0,0,0,0,0,0,0,0,0,0,1,0,0,1,0,34.825
2007,X9,1,1,1,1,1,1,1,0,1,1,1,1,1,1,1,1,1,1,145.625
2007,X11,1,0,0,0,0,0,0,0,0,0,0,0,0,0,0,0,0,0,31.78
2007,X12,1,0,1,1,0,0,0,1,0,0,1,1,1,0,0,1,1,1,175.34
2007,X14,0,0,0,0,0,1,0,0,0,1,0,0,0,0,0,0,0,0,239.84
2007,X15,0,1,1,1,0,0,1,0,0,0,0,1,1,0,1,1,0,0,155.91
2007,X16,0,0,0,0,0,1,0,0,0,0,0,0,0,0,0,0,0,0,34.665
2007,X20,0,0,1,1,0,0,0,0,0,0,0,0,0,0,0,0,0,0,106.535
2007,X22,0,1,1,1,0,1,1,1,0,1,0,1,1,0,0,0,0,0,118.69
2007,X24,0,0,0,0,0,1,1,0,0,0,0,0,0,1,0,0,1,0,34.995
2007,X26,0,1,0,0,0,0,1,0,0,0,0,0,0,0,1,0,0,1,87.485
2007,X27,1,1,1,1,0,1,0,1,1,1,1,1,1,1,1,1,1,1,167.745
2007,X28,0,0,0,0,0,0,0,0,1,0,0,0,0,0,1,0,0,0,57.39
2007,X29,0,0,0,0,0,0,0,0,1,0,0,0,0,0,0,0,0,0,130.623
2007,X30,1,1,1,1,1,1,1,1,0,1,1,1,1,1,0,1,1,1,183.645
2007,X31,0,0,0,0,0,0,0,0,0,0,0,0,0,0,0,0,1,0,26.195
2007,X32,0,0,0,0,1,0,0,0,0,0,0,0,0,0,0,0,0,0,80.95
2007,X33,0,1,1,1,1,0,0,0,0,1,0,0,0,0,0,0,0,0,142.92
2007,X34,1,1,1,1,1,1,1,1,0,0,1,1,1,1,1,1,1,1,138.285
2007,X35,0,1,1,1,1,1,1,1,1,1,1,1,1,1,1,0,1,1,153.015
2007,X44,0,0,1,1,0,1,0,0,0,0,0,0,0,1,1,0,0,0,185.5
2007,X45,0,0,0,0,1,0,0,0,0,1,0,0,0,0,1,0,0,0,98.105
2007,X46,1,1,1,1,1,1,1,1,0,1,1,1,1,1,1,1,1,0,185.975
2007,X48,0,0,0,0,0,0,0,1,1,0,0,0,0,0,0,0,0,0,173.995
2007,X50,1,0,1,1,0,0,1,1,1,0,0,0,0,0,1,1,0,0,244.245
2007,X53,0,0,0,0,0,0,0,0,1,0,0,0,0,0,0,1,0,1,167.585
2007,X56,0,0,0,0,0,0,0,0,0,0,1,0,0,0,0,0,1,0,270.825
2007,X57,1,1,1,1,0,0,0,1,1,0,0,1,1,0,0,1,1,0,240.87
2007,X58,0,0,0,0,1,0,0,0,0,0,0,1,1,0,0,1,0,1,87.93
2007,X62,0,0,1,1,0,0,1,0,1,0,0,0,0,0,0,0,0,0,89.4
2007,X67,0,1,1,1,0,0,0,1,0,0,1,1,1,0,0,0,0,1,277.09
2007,X68,1,1,0,0,0,1,1,1,1,1,1,1,1,1,1,1,1,1,342.48
2007,X69,1,0,0,0,0,0,0,0,0,0,0,0,0,0,0,0,0,0,42.563
2007,X70,0,0,0,0,1,1,0,0,0,0,1,0,0,0,0,0,1,0,205.64
2007,X74,1,1,1,1,0,1,1,1,0,0,0,0,0,0,0,0,0,1,100.48
2007,X75,0,0,0,0,0,1,0,0,0,0,0,0,0,1,0,0,0,0,69.46
2007,X81,1,1,0,0,0,0,1,0,1,1,0,0,0,0,1,1,1,0,155.3
2007,X82,1,0,1,1,1,1,1,0,1,1,1,1,1,1,1,1,1,1,246.485
2007,X83,0,0,0,0,0,0,0,0,0,0,1,0,0,0,0,0,0,0,138.445
2007,X87,0,0,0,0,0,0,0,0,0,0,0,0,0,0,0,0,0,1,50.39
2007,X89,1,1,1,1,1,1,1,1,0,1,1,0,0,1,1,1,1,1,221.29
2007,X92,0,0,0,0,0,0,0,0,0,0,0,0,0,0,0,0,0,1,71.905
2007,X93,0,1,0,0,0,0,0,1,0,0,1,0,0,0,1,0,0,0,153.06
2007,X94,0,0,0,0,0,0,0,0,1,0,0,0,0,0,0,0,0,0,118.03
2007,X98,1,1,0,0,1,0,0,1,0,0,1,0,0,1,0,1,0,0,303.91
2007,X104,1,0,0,0,0,0,1,1,0,1,1,0,0,0,1,0,1,0,158.68
2007,X107,0,1,1,1,1,1,1,1,1,1,1,1,1,1,1,1,1,0,180.57
2007,X108,1,1,1,1,1,0,1,1,0,1,1,1,1,1,1,1,1,1,291.005
2007,X109,0,0,0,0,1,0,0,0,0,0,0,0,0,0,0,0,0,0,58.298
2007,X110,0,0,0,0,0,0,1,0,1,0,1,0,0,1,0,0,0,0,214.875
2007,X111,1,1,1,1,0,0,0,0,1,0,0,1,1,0,0,1,0,0,229.683
2007,X115,0,1,0,0,1,1,1,1,0,0,0,1,1,0,0,1,0,0,45.23
2007,X117,0,0,0,0,0,1,0,0,0,0,1,0,0,0,0,0,0,0,254.45
2007,X118,1,1,0,0,1,1,0,1,0,0,0,1,1,0,1,0,0,0,146.625
2007,X125,0,0,0,0,0,0,0,0,0,0,0,0,0,0,1,0,1,0,161.353
2007,X127,0,0,0,0,0,0,0,0,1,0,0,0,0,0,0,0,0,0,272.875
2007,X129,0,0,0,0,0,0,0,0,0,1,0,0,0,0,0,0,0,0,156.885
2007,X130,1,0,0,0,0,1,1,0,0,1,0,0,0,1,1,0,1,0,165.15
2007,X133,0,0,1,1,0,0,0,0,1,0,0,1,1,0,0,0,1,0,188.755
2007,X135,0,0,0,0,0,0,0,0,0,0,0,0,0,0,0,0,1,0,50.24
2007,X136,1,1,1,1,1,1,1,0,1,1,1,1,1,1,1,0,1,1,261.665
2007,X137,0,0,1,1,0,0,0,0,0,0,0,0,0,0,0,0,0,0,193.613
2007,X138,1,0,0,0,0,0,1,1,0,1,0,0,0,0,0,0,0,0,237.108
2007,X139,0,1,0,0,0,0,1,1,1,0,0,0,0,0,0,0,0,0,184.09
2007,X142,0,0,0,0,0,0,0,1,0,0,0,0,0,0,0,0,0,0,49.65
2007,X146,1,0,0,0,1,0,0,0,1,0,0,1,1,1,0,1,0,0,204.635
2007,X149,0,0,1,1,0,0,0,0,0,0,0,1,1,0,0,0,0,1,168.15
2007,X153,0,1,0,0,0,0,0,0,0,0,0,0,0,0,0,0,0,0,33.63
2007,X156,1,1,1,1,1,1,1,1,1,1,0,1,1,1,1,0,1,1,183.145
2007,X157,0,1,0,0,0,0,0,1,0,0,0,0,0,0,0,0,0,0,46.26
2007,X160,1,1,1,1,1,1,0,1,1,1,1,1,1,1,1,0,1,1,163.28
2007,X163,0,0,0,0,0,0,0,0,0,0,0,0,0,0,0,0,0,1,65.89
2007,X164,0,1,1,1,1,1,1,1,1,1,0,1,1,1,1,1,1,1,243.95
2007,X165,0,0,0,0,0,0,0,0,0,0,0,0,0,0,0,1,0,1,80.265
2007,X167,0,0,0,0,0,0,0,0,0,1,0,0,0,0,0,0,0,0,212.445
2007,X168,0,0,0,0,1,0,0,1,0,0,0,0,0,0,0,0,0,0,80.53
2007,X169,1,1,0,0,1,1,1,1,1,1,1,1,1,1,1,1,0,1,251.08
2007,X170,1,0,1,1,0,1,1,1,0,0,0,1,1,0,1,0,0,0,111.165
2007,X171,0,0,0,0,0,0,0,1,0,0,1,0,0,0,0,0,0,0,145.905
2007,X174,1,1,1,1,0,1,1,1,1,1,1,1,1,1,1,0,1,1,181.3
2007,X175,0,0,0,0,0,0,0,0,0,0,1,0,0,0,0,0,0,1,247.175
2007,X176,0,1,0,0,0,0,0,0,0,1,0,0,0,1,0,1,0,0,188.12
2007,X177,0,0,1,1,1,1,0,1,0,1,0,0,0,0,0,0,1,1,163.66
2007,X178,1,1,0,0,0,0,1,1,0,1,0,1,1,1,0,0,1,0,211.385
2007,X185,0,0,0,0,0,0,0,0,0,0,0,0,0,0,1,0,0,0,58.945
2007,X186,1,1,1,1,0,1,1,1,1,0,1,1,1,1,1,1,1,1,324.74
2007,X189,0,0,0,0,0,0,0,0,0,0,0,0,0,0,0,0,1,0,61.445
2007,X190,0,0,0,0,0,0,0,0,1,1,0,0,0,0,1,0,0,0,169.43
2007,X193,0,0,0,0,1,0,0,0,0,0,1,0,0,0,0,0,0,0,361.635
2007,X197,0,0,0,0,0,1,0,0,0,0,0,0,0,1,0,0,0,0,171.12
2007,X199,0,0,0,0,0,0,0,0,0,0,1,0,0,0,0,0,1,0,237.515
2007,X201,0,0,0,0,0,0,0,0,1,0,0,0,0,0,1,0,0,1,186.043
2007,X202,1,1,1,1,1,1,1,1,1,1,1,1,1,1,1,1,1,1,328.5
2007,X205,0,0,0,0,0,0,0,0,0,0,0,0,0,0,1,0,0,0,58.71
2007,X206,0,1,0,0,1,1,0,0,1,0,1,1,1,0,0,1,0,1,306.075
2007,X208,1,1,0,0,0,0,0,1,1,0,1,0,0,1,0,1,1,0,259.42
2007,X210,1,0,0,0,0,0,1,1,1,1,1,0,0,0,0,1,1,0,300.15
2007,X211,0,0,1,1,0,0,0,0,0,0,0,1,1,0,0,0,0,0,138.095
2007,X213,1,0,1,1,1,0,0,1,1,0,0,0,0,0,0,1,1,0,197.02
2007,X220,1,1,1,1,1,1,0,1,1,0,1,1,1,1,1,1,1,1,258.783
2007,X223,0,0,0,0,0,0,0,1,0,1,0,0,0,0,0,1,0,0,129.64
2007,X224,1,0,0,0,0,0,0,0,0,0,0,0,0,0,0,0,0,1,113.835
2007,X225,0,0,0,0,0,0,1,0,0,0,0,0,0,0,1,0,1,0,139.535
2007,X227,0,1,1,1,1,1,1,1,1,1,1,1,1,1,1,1,1,1,275.405
2007,X229,0,0,0,0,1,0,0,0,0,0,0,0,0,0,1,1,1,0,57.158
2007,X230,0,0,0,0,0,0,0,0,0,0,0,0,0,1,0,0,0,0,89.398
2007,X232,0,0,1,1,0,0,0,1,0,0,1,1,1,1,0,0,1,1,287.83
2007,X233,0,0,0,0,0,0,0,0,0,1,0,0,0,0,1,1,0,0,133.645
2007,X234,0,0,0,0,0,0,1,0,0,0,1,0,0,0,0,0,0,0,201.485
2007,X235,1,1,1,1,1,1,0,0,1,1,1,1,1,1,1,1,1,1,308.075
2007,X236,0,0,0,0,0,0,0,0,1,0,0,0,0,1,0,0,0,0,323.925
2007,X237,0,0,0,0,0,0,0,0,0,0,0,0,0,0,0,1,0,0,49.095
2007,X239,1,1,1,1,1,1,1,1,1,0,1,1,1,0,1,1,1,1,467.68
2007,X242,0,1,1,1,1,1,1,1,0,1,1,1,1,1,1,1,1,1,349.55
2007,X253,1,1,1,1,1,1,0,1,1,1,1,1,1,1,1,1,1,1,223.755
2007,X256,0,1,0,0,0,0,0,0,0,0,0,0,0,0,0,0,0,0,28.355
2007,X257,1,1,1,1,0,0,1,1,1,1,1,1,1,1,1,1,1,1,525.965
2007,X259,0,0,0,0,0,0,0,0,1,0,0,0,0,0,0,0,1,0,290.835
2007,X265,0,0,0,0,0,0,0,0,0,0,1,0,0,0,0,0,0,0,177.395
2007,X266,1,1,1,1,1,0,0,0,0,0,0,0,0,0,1,0,1,1,232.135
2007,X267,0,0,0,0,0,0,0,0,0,1,0,0,0,0,0,0,0,0,157.47
2007,X268,0,0,0,0,0,0,0,1,0,0,0,0,0,0,0,0,0,0,52.555
2007,X273,1,0,0,0,1,1,1,1,1,1,1,1,1,1,1,1,1,1,381.815
2007,X278,0,0,0,0,0,0,1,0,0,0,0,0,0,0,0,0,0,1,49.495
2007,X280,0,0,0,0,0,0,0,0,0,0,0,0,0,0,0,0,1,0,34.09
2007,X282,0,0,0,0,0,0,0,0,0,0,0,0,0,0,0,0,0,1,63.578
2007,X283,1,1,0,0,1,1,1,0,0,0,0,0,0,1,0,0,1,1,83.905
2007,X286,0,0,0,0,0,0,0,0,1,0,0,0,0,0,0,1,1,1,216.698
2007,X287,1,0,0,0,0,0,1,0,0,0,0,1,1,0,0,0,1,0,81.79
2007,X290,0,0,0,0,0,0,0,0,0,0,0,1,1,0,0,0,0,0,161.155
2007,X291,0,0,0,0,0,0,0,0,0,0,0,0,0,0,1,0,0,0,44.638
2007,X292,0,0,1,1,1,0,1,1,1,0,1,0,0,0,0,1,0,1,265.545
2007,X293,0,0,0,0,1,1,0,0,1,0,1,0,0,0,1,0,1,0,218.13
2007,X299,0,1,1,1,1,1,1,1,1,1,1,1,1,1,1,1,1,1,199.55
2007,X300,0,0,0,0,0,0,0,0,0,0,1,0,0,1,0,0,0,0,196.005
2007,X301,1,1,1,1,1,1,1,1,1,1,1,1,1,1,0,1,1,1,241.785
2007,X302,0,0,0,0,0,0,0,0,0,1,1,1,1,0,0,0,0,0,148.715
2007,X303,1,1,1,1,0,0,0,1,0,1,1,1,1,0,0,1,0,0,180.84
2007,X304,0,1,0,0,0,0,0,1,0,0,0,0,0,0,0,0,0,0,36.375
2007,X307,0,0,0,0,0,1,0,0,0,0,1,1,1,1,1,0,1,0,177.785
2007,X308,0,0,0,0,0,1,0,0,0,0,0,0,0,0,0,0,0,0,41.05
2007,X311,0,0,0,0,0,0,0,1,0,0,0,0,0,1,0,0,0,0,139.09
2007,X313,1,0,1,1,0,0,0,1,1,1,1,0,0,0,1,0,0,0,139.985
2007,X318,1,1,1,1,1,1,1,1,1,0,1,1,1,1,0,1,1,1,236.17
2007,X322,0,0,0,0,0,0,0,0,0,0,0,0,0,0,0,0,1,0,53.06
2007,X324,0,0,0,0,0,0,1,0,0,0,0,0,0,0,0,1,0,0,61.13
2007,X325,0,0,0,0,0,0,0,1,0,0,0,1,1,1,1,0,0,0,115.398
2007,X328,1,1,1,1,1,1,1,1,1,1,1,1,1,1,1,1,1,0,260.1
2007,X329,1,1,1,1,1,0,1,1,1,0,1,1,1,1,1,1,1,1,345.905
2007,X330,0,0,0,0,1,0,0,0,0,1,0,0,0,0,0,0,0,0,142.51
2007,X331,1,1,1,1,1,1,1,1,1,1,1,1,1,1,1,0,1,0,306.095
2007,X333,0,0,0,0,0,0,1,0,0,0,0,0,0,0,0,0,0,0,32.895
2007,X334,0,0,0,0,0,0,1,0,0,0,0,0,0,0,0,0,0,1,68.91
2007,X335,0,0,1,1,0,0,0,1,0,0,0,0,0,0,0,0,0,0,98.97
2007,X336,1,1,1,1,1,1,1,1,1,1,1,1,1,1,0,0,1,1,210.31
2007,X338,0,0,0,0,0,0,0,0,0,0,0,1,1,0,0,0,0,0,138.24
2007,X339,1,0,1,1,1,1,1,1,1,1,1,1,1,1,1,1,1,0,169.115
2007,X342,0,0,0,0,0,0,0,0,0,0,1,1,1,0,0,0,0,0,172.42
2008,X2,0,0,0,0,0,0,0,0,1,0,0,0,0,0,0,0,0,0,173.94
2008,X3,0,0,0,0,0,1,0,0,0,1,0,1,1,1,0,0,0,0,78.173
2008,X5,0,0,0,0,1,0,0,0,0,0,0,0,0,0,0,0,0,0,53.733
2008,X6,0,0,0,0,0,0,0,0,0,0,0,0,0,1,0,0,1,0,87.11
2008,X9,1,1,1,1,1,1,1,0,1,1,1,1,1,1,1,1,1,1,227.29
2008,X11,1,0,0,0,0,0,0,0,0,0,0,0,0,0,0,0,0,0,55.09
2008,X12,1,0,1,1,0,0,0,1,0,0,1,1,1,0,0,1,1,1,201.45
2008,X14,0,0,0,0,0,1,0,0,0,1,0,0,0,0,0,0,0,0,141.08
2008,X15,0,1,1,1,0,0,1,0,0,0,0,1,1,0,1,1,0,0,166.77
2008,X16,0,0,0,0,0,1,0,0,0,0,0,0,0,0,0,0,0,0,48.07
2008,X20,0,0,1,1,0,0,0,0,0,0,0,0,0,0,0,0,0,0,174.293
2008,X22,0,1,1,1,0,1,1,1,0,1,0,1,1,0,0,0,0,0,200.52
2008,X24,0,0,0,0,0,1,1,0,0,0,0,0,0,1,0,0,1,0,49.26
2008,X26,0,1,0,0,0,0,1,0,0,0,0,0,0,0,1,0,0,1,187.57
2008,X27,1,1,1,1,0,1,0,1,1,1,1,1,1,1,1,1,1,1,223.97
2008,X28,0,0,0,0,0,0,0,0,1,0,0,0,0,0,1,0,0,0,143.47
2008,X29,0,0,0,0,0,0,0,0,1,0,0,0,0,0,0,0,0,0,146.27
2008,X30,1,1,1,1,1,1,1,1,0,1,1,1,1,1,0,1,1,1,313.61
2008,X31,0,0,0,0,0,0,0,0,0,0,0,0,0,0,0,0,1,0,60.44
2008,X33,0,1,1,1,1,0,0,0,0,1,0,0,0,0,0,0,0,0,204.91
2008,X34,1,1,1,1,1,1,1,1,0,0,1,1,1,1,1,1,1,1,250.71
2008,X35,0,1,1,1,1,1,1,1,1,1,1,1,1,1,1,0,1,1,293.58
2008,X44,0,0,1,1,0,1,0,0,0,0,0,0,0,1,1,0,0,0,217.55
2008,X45,0,0,0,0,1,0,0,0,0,1,0,0,0,0,1,0,0,0,179.08
2008,X46,1,1,1,1,1,1,1,1,0,1,1,1,1,1,1,1,1,0,399.08
2008,X48,0,0,0,0,0,0,0,1,1,0,0,0,0,0,0,0,0,0,178.46
2008,X50,1,0,1,1,0,0,1,1,1,0,0,0,0,0,1,1,0,0,401.23
2008,X53,0,0,0,0,0,0,0,0,1,0,0,0,0,0,0,1,0,1,160.49
2008,X56,0,0,0,0,0,0,0,0,0,0,1,0,0,0,0,0,1,0,259.01
2008,X57,1,1,1,1,0,0,0,1,1,0,0,1,1,0,0,1,1,0,199.87
2008,X58,0,0,0,0,1,0,0,0,0,0,0,1,1,0,0,1,0,1,101.22
2008,X62,0,0,1,1,0,0,1,0,1,0,0,0,0,0,0,0,0,0,217.27
2008,X67,0,1,1,1,0,0,0,1,0,0,1,1,1,0,0,0,0,1,288.24
2008,X68,1,1,0,0,0,1,1,1,1,1,1,1,1,1,1,1,1,1,445.62
2008,X69,1,0,0,0,0,0,0,0,0,0,0,0,0,0,0,0,0,0,70.262
2008,X70,0,0,0,0,1,1,0,0,0,0,1,0,0,0,0,0,1,0,573.03
2008,X74,1,1,1,1,0,1,1,1,0,0,0,0,0,0,0,0,0,1,213.987
2008,X75,0,0,0,0,0,1,0,0,0,0,0,0,0,1,0,0,0,0,90.24
2008,X81,1,1,0,0,0,0,1,0,1,1,0,0,0,0,1,1,1,0,189.07
2008,X82,1,0,1,1,1,1,1,0,1,1,1,1,1,1,1,1,1,1,238.91
2008,X83,0,0,0,0,0,0,0,0,0,0,1,0,0,0,0,0,0,0,303.4
2008,X87,0,0,0,0,0,0,0,0,0,0,0,0,0,0,0,0,0,1,62.45
2008,X89,1,1,1,1,1,1,1,1,0,1,1,0,0,1,1,1,1,1,413.91
2008,X92,0,0,0,0,0,0,0,0,0,0,0,0,0,0,0,0,0,1,114.24
2008,X93,0,1,0,0,0,0,0,1,0,0,1,0,0,0,1,0,0,0,359.152
2008,X94,0,0,0,0,0,0,0,0,1,0,0,0,0,0,0,0,0,0,106.6
2008,X98,1,1,0,0,1,0,0,1,0,0,1,0,0,1,0,1,0,0,440.23
2008,X104,1,0,0,0,0,0,1,1,0,1,1,0,0,0,1,0,1,0,331.42
2008,X107,0,1,1,1,1,1,1,1,1,1,1,1,1,1,1,1,1,0,286.48
2008,X108,1,1,1,1,1,0,1,1,0,1,1,1,1,1,1,1,1,1,308
2008,X109,0,0,0,0,1,0,0,0,0,0,0,0,0,0,0,0,0,0,73.01
2008,X110,0,0,0,0,0,0,1,0,1,0,1,0,0,1,0,0,0,0,287.98
2008,X111,1,1,1,1,0,0,0,0,1,0,0,1,1,0,0,1,0,0,234.74
2008,X115,0,1,0,0,1,1,1,1,0,0,0,1,1,0,0,1,0,0,113.05
2008,X117,0,0,0,0,0,1,0,0,0,0,1,0,0,0,0,0,0,0,267.32
2008,X118,1,1,0,0,1,1,0,1,0,0,0,1,1,0,1,0,0,0,167.972
2008,X125,0,0,0,0,0,0,0,0,0,0,0,0,0,0,1,0,1,0,290.5
2008,X129,0,0,0,0,0,0,0,0,0,1,0,0,0,0,0,0,0,0,212.19
2008,X130,1,0,0,0,0,1,1,0,0,1,0,0,0,1,1,0,1,0,369.11
2008,X133,0,0,1,1,0,0,0,0,1,0,0,1,1,0,0,0,1,0,210.35
2008,X135,0,0,0,0,0,0,0,0,0,0,0,0,0,0,0,0,1,0,100.16
2008,X136,1,1,1,1,1,1,1,0,1,1,1,1,1,1,1,0,1,1,361.66
2008,X137,0,0,1,1,0,0,0,0,0,0,0,0,0,0,0,0,0,0,339.3
2008,X138,1,0,0,0,0,0,1,1,0,1,0,0,0,0,0,0,0,0,103.3
2008,X139,0,1,0,0,0,0,1,1,1,0,0,0,0,0,0,0,0,0,442.88
2008,X142,0,0,0,0,0,0,0,1,0,0,0,0,0,0,0,0,0,0,90.18
2008,X146,1,0,0,0,1,0,0,0,1,0,0,1,1,1,0,1,0,0,384.19
2008,X149,0,0,1,1,0,0,0,0,0,0,0,1,1,0,0,0,0,1,341.09
2008,X156,1,1,1,1,1,1,1,1,1,1,0,1,1,1,1,0,1,1,253.48
2008,X157,0,1,0,0,0,0,0,1,0,0,0,0,0,0,0,0,0,0,46.47
2008,X160,1,1,1,1,1,1,0,1,1,1,1,1,1,1,1,0,1,1,160.46
2008,X163,0,0,0,0,0,0,0,0,0,0,0,0,0,0,0,0,0,1,59.83
2008,X164,0,1,1,1,1,1,1,1,1,1,0,1,1,1,1,1,1,1,292.84
2008,X165,0,0,0,0,0,0,0,0,0,0,0,0,0,0,0,1,0,1,97.24
2008,X167,0,0,0,0,0,0,0,0,0,1,0,0,0,0,0,0,0,0,83.24
2008,X168,0,0,0,0,1,0,0,1,0,0,0,0,0,0,0,0,0,0,103.21
2008,X169,1,1,0,0,1,1,1,1,1,1,1,1,1,1,1,1,0,1,294.43
2008,X170,1,0,1,1,0,1,1,1,0,0,0,1,1,0,1,0,0,0,225.22
2008,X171,0,0,0,0,0,0,0,1,0,0,1,0,0,0,0,0,0,0,373.63
2008,X174,1,1,1,1,0,1,1,1,1,1,1,1,1,1,1,0,1,1,226.02
2008,X175,0,0,0,0,0,0,0,0,0,0,1,0,0,0,0,0,0,1,342.46
2008,X176,0,1,0,0,0,0,0,0,0,1,0,0,0,1,0,1,0,0,192.68
2008,X177,0,0,1,1,1,1,0,1,0,1,0,0,0,0,0,0,1,1,203.49
2008,X178,1,1,0,0,0,0,1,1,0,1,0,1,1,1,0,0,1,0,226.542
2008,X185,0,0,0,0,0,0,0,0,0,0,0,0,0,0,1,0,0,0,170.32
2008,X186,1,1,1,1,0,1,1,1,1,0,1,1,1,1,1,1,1,1,317.61
2008,X190,0,0,0,0,0,0,0,0,1,1,0,0,0,0,1,0,0,0,79.84
2008,X193,0,0,0,0,1,0,0,0,0,0,1,0,0,0,0,0,0,0,282.87
2008,X197,0,0,0,0,0,1,0,0,0,0,0,0,0,1,0,0,0,0,152.18
2008,X199,0,0,0,0,0,0,0,0,0,0,1,0,0,0,0,0,1,0,303.13
2008,X201,0,0,0,0,0,0,0,0,1,0,0,0,0,0,1,0,0,1,384.9
2008,X202,1,1,1,1,1,1,1,1,1,1,1,1,1,1,1,1,1,1,651.03
2008,X205,0,0,0,0,0,0,0,0,0,0,0,0,0,0,1,0,0,0,195.41
2008,X206,0,1,0,0,1,1,0,0,1,0,1,1,1,0,0,1,0,1,475.52
2008,X208,1,1,0,0,0,0,0,1,1,0,1,0,0,1,0,1,1,0,274.35
2008,X210,1,0,0,0,0,0,1,1,1,1,1,0,0,0,0,1,1,0,255.8
2008,X211,0,0,1,1,0,0,0,0,0,0,0,1,1,0,0,0,0,0,177.66
2008,X213,1,0,1,1,1,0,0,1,1,0,0,0,0,0,0,1,1,0,171.69
2008,X220,1,1,1,1,1,1,0,1,1,0,1,1,1,1,1,1,1,1,465.94
2008,X223,0,0,0,0,0,0,0,1,0,1,0,0,0,0,0,1,0,0,163.77
2008,X224,1,0,0,0,0,0,0,0,0,0,0,0,0,0,0,0,0,1,110.3
2008,X225,0,0,0,0,0,0,1,0,0,0,0,0,0,0,1,0,1,0,255.24
2008,X227,0,1,1,1,1,1,1,1,1,1,1,1,1,1,1,1,1,1,319.78
2008,X229,0,0,0,0,1,0,0,0,0,0,0,0,0,0,1,1,1,0,152.35
2008,X230,0,0,0,0,0,0,0,0,0,0,0,0,0,1,0,0,0,0,101.36
2008,X232,0,0,1,1,0,0,0,1,0,0,1,1,1,1,0,0,1,1,359.69
2008,X233,0,0,0,0,0,0,0,0,0,1,0,0,0,0,1,1,0,0,213.55
2008,X234,0,0,0,0,0,0,1,0,0,0,1,0,0,0,0,0,0,0,292.83
2008,X235,1,1,1,1,1,1,0,0,1,1,1,1,1,1,1,1,1,1,423.77
2008,X236,0,0,0,0,0,0,0,0,1,0,0,0,0,1,0,0,0,0,302.12
2008,X237,0,0,0,0,0,0,0,0,0,0,0,0,0,0,0,1,0,0,49.83
2008,X239,1,1,1,1,1,1,1,1,1,0,1,1,1,0,1,1,1,1,347.73
2008,X242,0,1,1,1,1,1,1,1,0,1,1,1,1,1,1,1,1,1,297.21
2008,X253,1,1,1,1,1,1,0,1,1,1,1,1,1,1,1,1,1,1,338.93
2008,X257,1,1,1,1,0,0,1,1,1,1,1,1,1,1,1,1,1,1,362.29
2008,X259,0,0,0,0,0,0,0,0,1,0,0,0,0,0,0,0,1,0,359.79
2008,X265,0,0,0,0,0,0,0,0,0,0,1,0,0,0,0,0,0,0,216.43
2008,X266,1,1,1,1,1,0,0,0,0,0,0,0,0,0,1,0,1,1,147.92
2008,X267,0,0,0,0,0,0,0,0,0,1,0,0,0,0,0,0,0,0,194.08
2008,X268,0,0,0,0,0,0,0,1,0,0,0,0,0,0,0,0,0,0,108.46
2008,X273,1,0,0,0,1,1,1,1,1,1,1,1,1,1,1,1,1,1,748.83
2008,X278,0,0,0,0,0,0,1,0,0,0,0,0,0,0,0,0,0,1,58.32
2008,X280,0,0,0,0,0,0,0,0,0,0,0,0,0,0,0,0,1,0,33.45
2008,X282,0,0,0,0,0,0,0,0,0,0,0,0,0,0,0,0,0,1,97.49
2008,X283,1,1,0,0,1,1,1,0,0,0,0,0,0,1,0,0,1,1,90.79
2008,X286,0,0,0,0,0,0,0,0,1,0,0,0,0,0,0,1,1,1,152.25
2008,X287,1,0,0,0,0,0,1,0,0,0,0,1,1,0,0,0,1,0,78.69
2008,X290,0,0,0,0,0,0,0,0,0,0,0,1,1,0,0,0,0,0,61.6
2008,X291,0,0,0,0,0,0,0,0,0,0,0,0,0,0,1,0,0,0,68.39
2008,X292,0,0,1,1,1,0,1,1,1,0,1,0,0,0,0,1,0,1,323.59
2008,X293,0,0,0,0,1,1,0,0,1,0,1,0,0,0,1,0,1,0,251.72
2008,X299,0,1,1,1,1,1,1,1,1,1,1,1,1,1,1,1,1,1,398.78
2008,X300,0,0,0,0,0,0,0,0,0,0,1,0,0,1,0,0,0,0,425.63
2008,X301,1,1,1,1,1,1,1,1,1,1,1,1,1,1,0,1,1,1,223.58
2008,X302,0,0,0,0,0,0,0,0,0,1,1,1,1,0,0,0,0,0,292.59
2008,X303,1,1,1,1,0,0,0,1,0,1,1,1,1,0,0,1,0,0,514.61
2008,X304,0,1,0,0,0,0,0,1,0,0,0,0,0,0,0,0,0,0,116.79
2008,X307,0,0,0,0,0,1,0,0,0,0,1,1,1,1,1,0,1,0,265.33
2008,X308,0,0,0,0,0,1,0,0,0,0,0,0,0,0,0,0,0,0,47.85
2008,X311,0,0,0,0,0,0,0,1,0,0,0,0,0,1,0,0,0,0,118.19
2008,X313,1,0,1,1,0,0,0,1,1,1,1,0,0,0,1,0,0,0,255.36
2008,X318,1,1,1,1,1,1,1,1,1,0,1,1,1,1,0,1,1,1,337.77
2008,X324,0,0,0,0,0,0,1,0,0,0,0,0,0,0,0,1,0,0,77.75
2008,X325,0,0,0,0,0,0,0,1,0,0,0,1,1,1,1,0,0,0,236.24
2008,X328,1,1,1,1,1,1,1,1,1,1,1,1,1,1,1,1,1,0,249.78
2008,X329,1,1,1,1,1,0,1,1,1,0,1,1,1,1,1,1,1,1,319.46
2008,X330,0,0,0,0,1,0,0,0,0,1,0,0,0,0,0,0,0,0,148.08
2008,X331,1,1,1,1,1,1,1,1,1,1,1,1,1,1,1,0,1,0,196.46
2008,X334,0,0,0,0,0,0,1,0,0,0,0,0,0,0,0,0,0,1,138.91
2008,X335,0,0,1,1,0,0,0,1,0,0,0,0,0,0,0,0,0,0,85.29
2008,X336,1,1,1,1,1,1,1,1,1,1,1,1,1,1,0,0,1,1,459.69
2008,X338,0,0,0,0,0,0,0,0,0,0,0,1,1,0,0,0,0,0,179.66
2008,X339,1,0,1,1,1,1,1,1,1,1,1,1,1,1,1,1,1,0,329.53
2008,X342,0,0,0,0,0,0,0,0,0,0,1,1,1,0,0,0,0,0,226.72
2009,X2,0,0,0,0,0,0,0,0,1,0,0,0,0,0,0,0,0,0,137.27
2009,X3,0,0,0,0,0,1,0,0,0,1,0,1,1,1,0,0,0,0,50.62
2009,X5,0,0,0,0,1,0,0,0,0,0,0,0,0,0,0,0,0,0,74.88
2009,X6,0,0,0,0,0,0,0,0,0,0,0,0,0,1,0,0,1,0,44.59
2009,X9,1,1,1,1,1,1,1,0,1,1,1,1,1,1,1,1,1,1,135.59
2009,X11,1,0,0,0,0,0,0,0,0,0,0,0,0,0,0,0,0,0,15.88
2009,X12,1,0,1,1,0,0,0,1,0,0,1,1,1,0,0,1,1,1,178.63
2009,X14,0,0,0,0,0,1,0,0,0,1,0,0,0,0,0,0,0,0,62.58
2009,X15,0,1,1,1,0,0,1,0,0,0,0,1,1,0,1,1,0,0,142.88
2009,X16,0,0,0,0,0,1,0,0,0,0,0,0,0,0,0,0,0,0,38.18
2009,X20,0,0,1,1,0,0,0,0,0,0,0,0,0,0,0,0,0,0,174.14
2009,X22,0,1,1,1,0,1,1,1,0,1,0,1,1,0,0,0,0,0,208.27
2009,X24,0,0,0,0,0,1,1,0,0,0,0,0,0,1,0,0,1,0,41.34
2009,X26,0,1,0,0,0,0,1,0,0,0,0,0,0,0,1,0,0,1,181.8
2009,X27,1,1,1,1,0,1,0,1,1,1,1,1,1,1,1,1,1,1,319.79
2009,X28,0,0,0,0,0,0,0,0,1,0,0,0,0,0,1,0,0,0,141.59
2009,X29,0,0,0,0,0,0,0,0,1,0,0,0,0,0,0,0,0,0,196.99
2009,X30,1,1,1,1,1,1,1,1,0,1,1,1,1,1,0,1,1,1,373.17
2009,X31,0,0,0,0,0,0,0,0,0,0,0,0,0,0,0,0,1,0,26.23
2009,X33,0,1,1,1,1,0,0,0,0,1,0,0,0,0,0,0,0,0,229.89
2009,X34,1,1,1,1,1,1,1,1,0,0,1,1,1,1,1,1,1,1,217.1
2009,X35,0,1,1,1,1,1,1,1,1,1,1,1,1,1,1,0,1,1,291.59
2009,X44,0,0,1,1,0,1,0,0,0,0,0,0,0,1,1,0,0,0,259.98
2009,X45,0,0,0,0,1,0,0,0,0,1,0,0,0,0,1,0,0,0,136.73
2009,X46,1,1,1,1,1,1,1,1,0,1,1,1,1,1,1,1,1,0,285.32
2009,X48,0,0,0,0,0,0,0,1,1,0,0,0,0,0,0,0,0,0,212.38
2009,X50,1,0,1,1,0,0,1,1,1,0,0,0,0,0,1,1,0,0,181
2009,X53,0,0,0,0,0,0,0,0,1,0,0,0,0,0,0,1,0,1,111.91
2009,X56,0,0,0,0,0,0,0,0,0,0,1,0,0,0,0,0,1,0,286.63
2009,X57,1,1,1,1,0,0,0,1,1,0,0,1,1,0,0,1,1,0,152.8
2009,X58,0,0,0,0,1,0,0,0,0,0,0,1,1,0,0,1,0,1,124.23
2009,X62,0,0,1,1,0,0,1,0,1,0,0,0,0,0,0,0,0,0,144.36
2009,X67,0,1,1,1,0,0,0,1,0,0,1,1,1,0,0,0,0,1,304.62
2009,X68,1,1,0,0,0,1,1,1,1,1,1,1,1,1,1,1,1,1,255.54
2009,X69,1,0,0,0,0,0,0,0,0,0,0,0,0,0,0,0,0,0,145.72
2009,X70,0,0,0,0,1,1,0,0,0,0,1,0,0,0,0,0,1,0,148.77
2009,X74,1,1,1,1,0,1,1,1,0,0,0,0,0,0,0,0,0,1,195.92
2009,X75,0,0,0,0,0,1,0,0,0,0,0,0,0,1,0,0,0,0,80.98
2009,X81,1,1,0,0,0,0,1,0,1,1,0,0,0,0,1,1,1,0,133.3
2009,X82,1,0,1,1,1,1,1,0,1,1,1,1,1,1,1,1,1,1,230.66
2009,X83,0,0,0,0,0,0,0,0,0,0,1,0,0,0,0,0,0,0,154.62
2009,X87,0,0,0,0,0,0,0,0,0,0,0,0,0,0,0,0,0,1,48.7
2009,X89,1,1,1,1,1,1,1,1,0,1,1,0,0,1,1,1,1,1,180.69
2009,X92,0,0,0,0,0,0,0,0,0,0,0,0,0,0,0,0,0,1,118.6
2009,X93,0,1,0,0,0,0,0,1,0,0,1,0,0,0,1,0,0,0,260.74
2009,X94,0,0,0,0,0,0,0,0,1,0,0,0,0,0,0,0,0,0,136.58
2009,X98,1,1,0,0,1,0,0,1,0,0,1,0,0,1,0,1,0,0,218.08
2009,X104,1,0,0,0,0,0,1,1,0,1,1,0,0,0,1,0,1,0,265.35
2009,X107,0,1,1,1,1,1,1,1,1,1,1,1,1,1,1,1,1,0,232.5
2009,X108,1,1,1,1,1,0,1,1,0,1,1,1,1,1,1,1,1,1,449.06
2009,X109,0,0,0,0,1,0,0,0,0,0,0,0,0,0,0,0,0,0,91.43
2009,X110,0,0,0,0,0,0,1,0,1,0,1,0,0,1,0,0,0,0,253.25
2009,X111,1,1,1,1,0,0,0,0,1,0,0,1,1,0,0,1,0,0,179.79
2009,X115,0,1,0,0,1,1,1,1,0,0,0,1,1,0,0,1,0,0,58.32
2009,X117,0,0,0,0,0,1,0,0,0,0,1,0,0,0,0,0,0,0,122.28
2009,X118,1,1,0,0,1,1,0,1,0,0,0,1,1,0,1,0,0,0,104.53
2009,X125,0,0,0,0,0,0,0,0,0,0,0,0,0,0,1,0,1,0,189.07
2009,X129,0,0,0,0,0,0,0,0,0,1,0,0,0,0,0,0,0,0,126.51
2009,X130,1,0,0,0,0,1,1,0,0,1,0,0,0,1,1,0,1,0,241.88
2009,X133,0,0,1,1,0,0,0,0,1,0,0,1,1,0,0,0,1,0,280.34
2009,X135,0,0,0,0,0,0,0,0,0,0,0,0,0,0,0,0,1,0,71.98
2009,X136,1,1,1,1,1,1,1,0,1,1,1,1,1,1,1,0,1,1,279.64
2009,X137,0,0,1,1,0,0,0,0,0,0,0,0,0,0,0,0,0,0,328.58
2009,X138,1,0,0,0,0,0,1,1,0,1,0,0,0,0,0,0,0,0,304.84
2009,X139,0,1,0,0,0,0,1,1,1,0,0,0,0,0,0,0,0,0,255.38
2009,X142,0,0,0,0,0,0,0,1,0,0,0,0,0,0,0,0,0,0,95.75
2009,X146,1,0,0,0,1,0,0,0,1,0,0,1,1,1,0,1,0,0,245.52
2009,X149,0,0,1,1,0,0,0,0,0,0,0,1,1,0,0,0,0,1,271.39
2009,X156,1,1,1,1,1,1,1,1,1,1,0,1,1,1,1,0,1,1,269.07
2009,X157,0,1,0,0,0,0,0,1,0,0,0,0,0,0,0,0,0,0,58.36
2009,X160,1,1,1,1,1,1,0,1,1,1,1,1,1,1,1,0,1,1,350.47
2009,X163,0,0,0,0,0,0,0,0,0,0,0,0,0,0,0,0,0,1,62.37
2009,X164,0,1,1,1,1,1,1,1,1,1,0,1,1,1,1,1,1,1,222.88
2009,X165,0,0,0,0,0,0,0,0,0,0,0,0,0,0,0,1,0,1,84.91
2009,X167,0,0,0,0,0,0,0,0,0,1,0,0,0,0,0,0,0,0,133.14
2009,X168,0,0,0,0,1,0,0,1,0,0,0,0,0,0,0,0,0,0,102.72
2009,X169,1,1,0,0,1,1,1,1,1,1,1,1,1,1,1,1,0,1,380.96
2009,X170,1,0,1,1,0,1,1,1,0,0,0,1,1,0,1,0,0,0,194.49
2009,X171,0,0,0,0,0,0,0,1,0,0,1,0,0,0,0,0,0,0,232.27
2009,X174,1,1,1,1,0,1,1,1,1,1,1,1,1,1,1,0,1,1,218.06
2009,X175,0,0,0,0,0,0,0,0,0,0,1,0,0,0,0,0,0,1,244.29
2009,X176,0,1,0,0,0,0,0,0,0,1,0,0,0,1,0,1,0,0,184.1
2009,X177,0,0,1,1,1,1,0,1,0,1,0,0,0,0,0,0,1,1,178.73
2009,X178,1,1,0,0,0,0,1,1,0,1,0,1,1,1,0,0,1,0,166.66
2009,X185,0,0,0,0,0,0,0,0,0,0,0,0,0,0,1,0,0,0,132.86
2009,X186,1,1,1,1,0,1,1,1,1,0,1,1,1,1,1,1,1,1,327.84
2009,X190,0,0,0,0,0,0,0,0,1,1,0,0,0,0,1,0,0,0,198.32
2009,X193,0,0,0,0,1,0,0,0,0,0,1,0,0,0,0,0,0,0,185.05
2009,X197,0,0,0,0,0,1,0,0,0,0,0,0,0,1,0,0,0,0,106.19
2009,X199,0,0,0,0,0,0,0,0,0,0,1,0,0,0,0,0,1,0,181.08
2009,X201,0,0,0,0,0,0,0,0,1,0,0,0,0,0,1,0,0,1,234.35
2009,X202,1,1,1,1,1,1,1,1,1,1,1,1,1,1,1,1,1,1,361.2
2009,X205,0,0,0,0,0,0,0,0,0,0,0,0,0,0,1,0,0,0,111.66
2009,X206,0,1,0,0,1,1,0,0,1,0,1,1,1,0,0,1,0,1,212.87
2009,X208,1,1,0,0,0,0,0,1,1,0,1,0,0,1,0,1,1,0,149.48
2009,X210,1,0,0,0,0,0,1,1,1,1,1,0,0,0,0,1,1,0,233.2
2009,X211,0,0,1,1,0,0,0,0,0,0,0,1,1,0,0,0,0,0,96.21
2009,X213,1,0,1,1,1,0,0,1,1,0,0,0,0,0,0,1,1,0,243.99
2009,X220,1,1,1,1,1,1,0,1,1,0,1,1,1,1,1,1,1,1,325.27
2009,X223,0,0,0,0,0,0,0,1,0,1,0,0,0,0,0,1,0,0,99.2
2009,X224,1,0,0,0,0,0,0,0,0,0,0,0,0,0,0,0,0,1,88.3
2009,X225,0,0,0,0,0,0,1,0,0,0,0,0,0,0,1,0,1,0,266.46
2009,X227,0,1,1,1,1,1,1,1,1,1,1,1,1,1,1,1,1,1,281.59
2009,X229,0,0,0,0,1,0,0,0,0,0,0,0,0,0,1,1,1,0,134.17
2009,X230,0,0,0,0,0,0,0,0,0,0,0,0,0,1,0,0,0,0,102.49
2009,X232,0,0,1,1,0,0,0,1,0,0,1,1,1,1,0,0,1,1,228.87
2009,X233,0,0,0,0,0,0,0,0,0,1,0,0,0,0,1,1,0,0,213.29
2009,X234,0,0,0,0,0,0,1,0,0,0,1,0,0,0,0,0,0,0,304.73
2009,X235,1,1,1,1,1,1,0,0,1,1,1,1,1,1,1,1,1,1,298.65
2009,X236,0,0,0,0,0,0,0,0,1,0,0,0,0,1,0,0,0,0,307.45
2009,X237,0,0,0,0,0,0,0,0,0,0,0,0,0,0,0,1,0,0,41.24
2009,X239,1,1,1,1,1,1,1,1,1,0,1,1,1,0,1,1,1,1,344.17
2009,X242,0,1,1,1,1,1,1,1,0,1,1,1,1,1,1,1,1,1,336.46
2009,X253,1,1,1,1,1,1,0,1,1,1,1,1,1,1,1,1,1,1,302.97
2009,X257,1,1,1,1,0,0,1,1,1,1,1,1,1,1,1,1,1,1,319.2
2009,X259,0,0,0,0,0,0,0,0,1,0,0,0,0,0,0,0,1,0,311.08
2009,X265,0,0,0,0,0,0,0,0,0,0,1,0,0,0,0,0,0,0,378.14
2009,X266,1,1,1,1,1,0,0,0,0,0,0,0,0,0,1,0,1,1,208.91
2009,X267,0,0,0,0,0,0,0,0,0,1,0,0,0,0,0,0,0,0,120.28
2009,X268,0,0,0,0,0,0,0,1,0,0,0,0,0,0,0,0,0,0,93.99
2009,X273,1,0,0,0,1,1,1,1,1,1,1,1,1,1,1,1,1,1,568.25
2009,X278,0,0,0,0,0,0,1,0,0,0,0,0,0,0,0,0,0,1,58.68
2009,X280,0,0,0,0,0,0,0,0,0,0,0,0,0,0,0,0,1,0,159.19
2009,X282,0,0,0,0,0,0,0,0,0,0,0,0,0,0,0,0,0,1,27.55
2009,X283,1,1,0,0,1,1,1,0,0,0,0,0,0,1,0,0,1,1,70.37
2009,X286,0,0,0,0,0,0,0,0,1,0,0,0,0,0,0,1,1,1,263.11
2009,X287,1,0,0,0,0,0,1,0,0,0,0,1,1,0,0,0,1,0,90.66
2009,X290,0,0,0,0,0,0,0,0,0,0,0,1,1,0,0,0,0,0,139.68
2009,X291,0,0,0,0,0,0,0,0,0,0,0,0,0,0,1,0,0,0,79.69
2009,X292,0,0,1,1,1,0,1,1,1,0,1,0,0,0,0,1,0,1,382.76
2009,X293,0,0,0,0,1,1,0,0,1,0,1,0,0,0,1,0,1,0,289.36
2009,X299,0,1,1,1,1,1,1,1,1,1,1,1,1,1,1,1,1,1,222.63
2009,X300,0,0,0,0,0,0,0,0,0,0,1,0,0,1,0,0,0,0,212.33
2009,X301,1,1,1,1,1,1,1,1,1,1,1,1,1,1,0,1,1,1,231.89
2009,X302,0,0,0,0,0,0,0,0,0,1,1,1,1,0,0,0,0,0,239.28
2009,X303,1,1,1,1,0,0,0,1,0,1,1,1,1,0,0,1,0,0,390.7
2009,X304,0,1,0,0,0,0,0,1,0,0,0,0,0,0,0,0,0,0,82.23
2009,X307,0,0,0,0,0,1,0,0,0,0,1,1,1,1,1,0,1,0,239.07
2009,X308,0,0,0,0,0,1,0,0,0,0,0,0,0,0,0,0,0,0,51.16
2009,X311,0,0,0,0,0,0,0,1,0,0,0,0,0,1,0,0,0,0,126.36
2009,X313,1,0,1,1,0,0,0,1,1,1,1,0,0,0,1,0,0,0,229.55
2009,X318,1,1,1,1,1,1,1,1,1,0,1,1,1,1,0,1,1,1,323.86
2009,X324,0,0,0,0,0,0,1,0,0,0,0,0,0,0,0,1,0,0,62.43
2009,X325,0,0,0,0,0,0,0,1,0,0,0,1,1,1,1,0,0,0,229.35
2009,X328,1,1,1,1,1,1,1,1,1,1,1,1,1,1,1,1,1,0,280.39
2009,X329,1,1,1,1,1,0,1,1,1,0,1,1,1,1,1,1,1,1,255.16
2009,X330,0,0,0,0,1,0,0,0,0,1,0,0,0,0,0,0,0,0,93.88
2009,X331,1,1,1,1,1,1,1,1,1,1,1,1,1,1,1,0,1,0,183.86
2009,X334,0,0,0,0,0,0,1,0,0,0,0,0,0,0,0,0,0,1,62.04
2009,X335,0,0,1,1,0,0,0,1,0,0,0,0,0,0,0,0,0,0,124.63
2009,X336,1,1,1,1,1,1,1,1,1,1,1,1,1,1,0,0,1,1,321.78
2009,X338,0,0,0,0,0,0,0,0,0,0,0,1,1,0,0,0,0,0,79.12
2009,X339,1,0,1,1,1,1,1,1,1,1,1,1,1,1,1,1,1,0,247.61
2009,X342,0,0,0,0,0,0,0,0,0,0,1,1,1,0,0,0,0,0,374.72
2010,X2,0,0,0,0,0,0,0,0,1,0,0,0,0,0,0,0,0,0,145.085
2010,X3,0,0,0,0,0,1,0,0,0,1,0,1,1,1,0,0,0,0,63.86
2010,X5,0,0,0,0,1,0,0,0,0,0,0,0,0,0,0,0,0,0,59.625
2010,X6,0,0,0,0,0,0,0,0,0,0,0,0,0,1,0,0,1,0,51.235
2010,X9,1,1,1,1,1,1,1,0,1,1,1,1,1,1,1,1,1,1,217.765
2010,X11,1,0,0,0,0,0,0,0,0,0,0,0,0,0,0,0,0,0,40.415
2010,X12,1,0,1,1,0,0,0,1,0,0,1,1,1,0,0,1,1,1,186.595
2010,X14,0,0,0,0,0,1,0,0,0,1,0,0,0,0,0,0,0,0,79.815
2010,X15,0,1,1,1,0,0,1,0,0,0,0,1,1,0,1,1,0,0,276.175
2010,X16,0,0,0,0,0,1,0,0,0,0,0,0,0,0,0,0,0,0,39.845
2010,X20,0,0,1,1,0,0,0,0,0,0,0,0,0,0,0,0,0,0,157.95
2010,X22,0,1,1,1,0,1,1,1,0,1,0,1,1,0,0,0,0,0,144.89
2010,X24,0,0,0,0,0,1,1,0,0,0,0,0,0,1,0,0,1,0,49.045
2010,X26,0,1,0,0,0,0,1,0,0,0,0,0,0,0,1,0,0,1,146.44
2010,X27,1,1,1,1,0,1,0,1,1,1,1,1,1,1,1,1,1,1,218.615
2010,X28,0,0,0,0,0,0,0,0,1,0,0,0,0,0,1,0,0,0,113.275
2010,X29,0,0,0,0,0,0,0,0,1,0,0,0,0,0,0,0,0,0,105.53
2010,X30,1,1,1,1,1,1,1,1,0,1,1,1,1,1,0,1,1,1,324.81
2010,X31,0,0,0,0,0,0,0,0,0,0,0,0,0,0,0,0,1,0,44.665
2010,X33,0,1,1,1,1,0,0,0,0,1,0,0,0,0,0,0,0,0,204.805
2010,X34,1,1,1,1,1,1,1,1,0,0,1,1,1,1,1,1,1,1,225.185
2010,X35,0,1,1,1,1,1,1,1,1,1,1,1,1,1,1,0,1,1,265.785
2010,X44,0,0,1,1,0,1,0,0,0,0,0,0,0,1,1,0,0,0,188.16
2010,X45,0,0,0,0,1,0,0,0,0,1,0,0,0,0,1,0,0,0,174.42
2010,X46,1,1,1,1,1,1,1,1,0,1,1,1,1,1,1,1,1,0,288.14
2010,X48,0,0,0,0,0,0,0,1,1,0,0,0,0,0,0,0,0,0,147.06
2010,X50,1,0,1,1,0,0,1,1,1,0,0,0,0,0,1,1,0,0,198.345
2010,X53,0,0,0,0,0,0,0,0,1,0,0,0,0,0,0,1,0,1,135.22
2010,X56,0,0,0,0,0,0,0,0,0,0,1,0,0,0,0,0,1,0,202.18
2010,X57,1,1,1,1,0,0,0,1,1,0,0,1,1,0,0,1,1,0,240.395
2010,X58,0,0,0,0,1,0,0,0,0,0,0,1,1,0,0,1,0,1,156.67
2010,X62,0,0,1,1,0,0,1,0,1,0,0,0,0,0,0,0,0,0,152.45
2010,X67,0,1,1,1,0,0,0,1,0,0,1,1,1,0,0,0,0,1,239.795
2010,X68,1,1,0,0,0,1,1,1,1,1,1,1,1,1,1,1,1,1,338.77
2010,X69,1,0,0,0,0,0,0,0,0,0,0,0,0,0,0,0,0,0,49.14
2010,X70,0,0,0,0,1,1,0,0,0,0,1,0,0,0,0,0,1,0,172.815
2010,X74,1,1,1,1,0,1,1,1,0,0,0,0,0,0,0,0,0,1,233.055
2010,X75,0,0,0,0,0,1,0,0,0,0,0,0,0,1,0,0,0,0,85.545
2010,X81,1,1,0,0,0,0,1,0,1,1,0,0,0,0,1,1,1,0,272.45
2010,X82,1,0,1,1,1,1,1,0,1,1,1,1,1,1,1,1,1,1,251.59
2010,X83,0,0,0,0,0,0,0,0,0,0,1,0,0,0,0,0,0,0,172.055
2010,X87,0,0,0,0,0,0,0,0,0,0,0,0,0,0,0,0,0,1,99.085
2010,X89,1,1,1,1,1,1,1,1,0,1,1,0,0,1,1,1,1,1,248.485
2010,X92,0,0,0,0,0,0,0,0,0,0,0,0,0,0,0,0,0,1,93.4
2010,X93,0,1,0,0,0,0,0,1,0,0,1,0,0,0,1,0,0,0,226.355
2010,X94,0,0,0,0,0,0,0,0,1,0,0,0,0,0,0,0,0,0,160.805
2010,X98,1,1,0,0,1,0,0,1,0,0,1,0,0,1,0,1,0,0,214.625
2010,X104,1,0,0,0,0,0,1,1,0,1,1,0,0,0,1,0,1,0,238.35
2010,X107,0,1,1,1,1,1,1,1,1,1,1,1,1,1,1,1,1,0,322.2
2010,X108,1,1,1,1,1,0,1,1,0,1,1,1,1,1,1,1,1,1,378.855
2010,X109,0,0,0,0,1,0,0,0,0,0,0,0,0,0,0,0,0,0,70.52
2010,X110,0,0,0,0,0,0,1,0,1,0,1,0,0,1,0,0,0,0,243.285
2010,X111,1,1,1,1,0,0,0,0,1,0,0,1,1,0,0,1,0,0,164.015
2010,X115,0,1,0,0,1,1,1,1,0,0,0,1,1,0,0,1,0,0,79.25
2010,X117,0,0,0,0,0,1,0,0,0,0,1,0,0,0,0,0,0,0,145.71
2010,X118,1,1,0,0,1,1,0,1,0,0,0,1,1,0,1,0,0,0,123.61
2010,X125,0,0,0,0,0,0,0,0,0,0,0,0,0,0,1,0,1,0,188.155
2010,X129,0,0,0,0,0,0,0,0,0,1,0,0,0,0,0,0,0,0,115.305
2010,X130,1,0,0,0,0,1,1,0,0,1,0,0,0,1,1,0,1,0,181.325
2010,X133,0,0,1,1,0,0,0,0,1,0,0,1,1,0,0,0,1,0,340.065
2010,X135,0,0,0,0,0,0,0,0,0,0,0,0,0,0,0,0,1,0,99.83
2010,X136,1,1,1,1,1,1,1,0,1,1,1,1,1,1,1,0,1,1,237.145
2010,X137,0,0,1,1,0,0,0,0,0,0,0,0,0,0,0,0,0,0,222.145
2010,X138,1,0,0,0,0,0,1,1,0,1,0,0,0,0,0,0,0,0,218.87
2010,X139,0,1,0,0,0,0,1,1,1,0,0,0,0,0,0,0,0,0,302.145
2010,X142,0,0,0,0,0,0,0,1,0,0,0,0,0,0,0,0,0,0,195.22
2010,X146,1,0,0,0,1,0,0,0,1,0,0,1,1,1,0,1,0,0,288.37
2010,X149,0,0,1,1,0,0,0,0,0,0,0,1,1,0,0,0,0,1,312.685
2010,X156,1,1,1,1,1,1,1,1,1,1,0,1,1,1,1,0,1,1,254.35
2010,X157,0,1,0,0,0,0,0,1,0,0,0,0,0,0,0,0,0,0,74.62
2010,X160,1,1,1,1,1,1,0,1,1,1,1,1,1,1,1,0,1,1,379.445
2010,X163,0,0,0,0,0,0,0,0,0,0,0,0,0,0,0,0,0,1,71.53
2010,X164,0,1,1,1,1,1,1,1,1,1,0,1,1,1,1,1,1,1,351.555
2010,X165,0,0,0,0,0,0,0,0,0,0,0,0,0,0,0,1,0,1,88.525
2010,X167,0,0,0,0,0,0,0,0,0,1,0,0,0,0,0,0,0,0,126.16
2010,X168,0,0,0,0,1,0,0,1,0,0,0,0,0,0,0,0,0,0,127.63
2010,X169,1,1,0,0,1,1,1,1,1,1,1,1,1,1,1,1,0,1,359.535
2010,X170,1,0,1,1,0,1,1,1,0,0,0,1,1,0,1,0,0,0,183.82
2010,X171,0,0,0,0,0,0,0,1,0,0,1,0,0,0,0,0,0,0,217.345
2010,X174,1,1,1,1,0,1,1,1,1,1,1,1,1,1,1,0,1,1,226.58
2010,X175,0,0,0,0,0,0,0,0,0,0,1,0,0,0,0,0,0,1,218.3
2010,X176,0,1,0,0,0,0,0,0,0,1,0,0,0,1,0,1,0,0,125.63
2010,X177,0,0,1,1,1,1,0,1,0,1,0,0,0,0,0,0,1,1,258.61
2010,X178,1,1,0,0,0,0,1,1,0,1,0,1,1,1,0,0,1,0,198.02
2010,X185,0,0,0,0,0,0,0,0,0,0,0,0,0,0,1,0,0,0,196.635
2010,X186,1,1,1,1,0,1,1,1,1,0,1,1,1,1,1,1,1,1,447.135
2010,X190,0,0,0,0,0,0,0,0,1,1,0,0,0,0,1,0,0,0,184.15
2010,X193,0,0,0,0,1,0,0,0,0,0,1,0,0,0,0,0,0,0,261.475
2010,X197,0,0,0,0,0,1,0,0,0,0,0,0,0,1,0,0,0,0,159.61
2010,X199,0,0,0,0,0,0,0,0,0,0,1,0,0,0,0,0,1,0,260.775
2010,X201,0,0,0,0,0,0,0,0,1,0,0,0,0,0,1,0,0,1,176.605
2010,X202,1,1,1,1,1,1,1,1,1,1,1,1,1,1,1,1,1,1,347.54
2010,X205,0,0,0,0,0,0,0,0,0,0,0,0,0,0,1,0,0,0,173.7
2010,X206,0,1,0,0,1,1,0,0,1,0,1,1,1,0,0,1,0,1,322.18
2010,X208,1,1,0,0,0,0,0,1,1,0,1,0,0,1,0,1,1,0,245.11
2010,X210,1,0,0,0,0,0,1,1,1,1,1,0,0,0,0,1,1,0,303.23
2010,X211,0,0,1,1,0,0,0,0,0,0,0,1,1,0,0,0,0,0,219.025
2010,X213,1,0,1,1,1,0,0,1,1,0,0,0,0,0,0,1,1,0,306.825
2010,X220,1,1,1,1,1,1,0,1,1,0,1,1,1,1,1,1,1,1,294.59
2010,X223,0,0,0,0,0,0,0,1,0,1,0,0,0,0,0,1,0,0,127.85
2010,X224,1,0,0,0,0,0,0,0,0,0,0,0,0,0,0,0,0,1,126.065
2010,X225,0,0,0,0,0,0,1,0,0,0,0,0,0,0,1,0,1,0,166.78
2010,X227,0,1,1,1,1,1,1,1,1,1,1,1,1,1,1,1,1,1,303.55
2010,X229,0,0,0,0,1,0,0,0,0,0,0,0,0,0,1,1,1,0,178.085
2010,X230,0,0,0,0,0,0,0,0,0,0,0,0,0,1,0,0,0,0,78.365
2010,X232,0,0,1,1,0,0,0,1,0,0,1,1,1,1,0,0,1,1,331.55
2010,X233,0,0,0,0,0,0,0,0,0,1,0,0,0,0,1,1,0,0,273.75
2010,X234,0,0,0,0,0,0,1,0,0,0,1,0,0,0,0,0,0,0,262.845
2010,X235,1,1,1,1,1,1,0,0,1,1,1,1,1,1,1,1,1,1,335.04
2010,X236,0,0,0,0,0,0,0,0,1,0,0,0,0,1,0,0,0,0,292.91
2010,X237,0,0,0,0,0,0,0,0,0,0,0,0,0,0,0,1,0,0,35.855
2010,X239,1,1,1,1,1,1,1,1,1,0,1,1,1,0,1,1,1,1,288.515
2010,X242,0,1,1,1,1,1,1,1,0,1,1,1,1,1,1,1,1,1,260.36
2010,X253,1,1,1,1,1,1,0,1,1,1,1,1,1,1,1,1,1,1,245.12
2010,X257,1,1,1,1,0,0,1,1,1,1,1,1,1,1,1,1,1,1,373.72
2010,X259,0,0,0,0,0,0,0,0,1,0,0,0,0,0,0,0,1,0,269.995
2010,X265,0,0,0,0,0,0,0,0,0,0,1,0,0,0,0,0,0,0,221.69
2010,X266,1,1,1,1,1,0,0,0,0,0,0,0,0,0,1,0,1,1,274.09
2010,X267,0,0,0,0,0,0,0,0,0,1,0,0,0,0,0,0,0,0,196.61
2010,X268,0,0,0,0,0,0,0,1,0,0,0,0,0,0,0,0,0,0,113.015
2010,X273,1,0,0,0,1,1,1,1,1,1,1,1,1,1,1,1,1,1,552.9
2010,X278,0,0,0,0,0,0,1,0,0,0,0,0,0,0,0,0,0,1,49.82
2010,X280,0,0,0,0,0,0,0,0,0,0,0,0,0,0,0,0,1,0,73.91
2010,X282,0,0,0,0,0,0,0,0,0,0,0,0,0,0,0,0,0,1,115.055
2010,X283,1,1,0,0,1,1,1,0,0,0,0,0,0,1,0,0,1,1,78.86
2010,X286,0,0,0,0,0,0,0,0,1,0,0,0,0,0,0,1,1,1,290.63
2010,X287,1,0,0,0,0,0,1,0,0,0,0,1,1,0,0,0,1,0,140.15
2010,X290,0,0,0,0,0,0,0,0,0,0,0,1,1,0,0,0,0,0,63.89
2010,X291,0,0,0,0,0,0,0,0,0,0,0,0,0,0,1,0,0,0,172.025
2010,X292,0,0,1,1,1,0,1,1,1,0,1,0,0,0,0,1,0,1,279.725
2010,X293,0,0,0,0,1,1,0,0,1,0,1,0,0,0,1,0,1,0,270.42
2010,X299,0,1,1,1,1,1,1,1,1,1,1,1,1,1,1,1,1,1,266.155
2010,X300,0,0,0,0,0,0,0,0,0,0,1,0,0,1,0,0,0,0,282.95
2010,X301,1,1,1,1,1,1,1,1,1,1,1,1,1,1,0,1,1,1,235.345
2010,X302,0,0,0,0,0,0,0,0,0,1,1,1,1,0,0,0,0,0,225.215
2010,X303,1,1,1,1,0,0,0,1,0,1,1,1,1,0,0,1,0,0,349.385
2010,X304,0,1,0,0,0,0,0,1,0,0,0,0,0,0,0,0,0,0,131.385
2010,X307,0,0,0,0,0,1,0,0,0,0,1,1,1,1,1,0,1,0,255.38
2010,X308,0,0,0,0,0,1,0,0,0,0,0,0,0,0,0,0,0,0,36.185
2010,X311,0,0,0,0,0,0,0,1,0,0,0,0,0,1,0,0,0,0,153.445
2010,X313,1,0,1,1,0,0,0,1,1,1,1,0,0,0,1,0,0,0,253.715
2010,X318,1,1,1,1,1,1,1,1,1,0,1,1,1,1,0,1,1,1,320.57
2010,X324,0,0,0,0,0,0,1,0,0,0,0,0,0,0,0,1,0,0,88.27
2010,X325,0,0,0,0,0,0,0,1,0,0,0,1,1,1,1,0,0,0,222.56
2010,X328,1,1,1,1,1,1,1,1,1,1,1,1,1,1,1,1,1,0,346.1
2010,X329,1,1,1,1,1,0,1,1,1,0,1,1,1,1,1,1,1,1,271.955
2010,X330,0,0,0,0,1,0,0,0,0,1,0,0,0,0,0,0,0,0,175.33
2010,X331,1,1,1,1,1,1,1,1,1,1,1,1,1,1,1,0,1,0,242.91
2010,X334,0,0,0,0,0,0,1,0,0,0,0,0,0,0,0,0,0,1,112.155
2010,X335,0,0,1,1,0,0,0,1,0,0,0,0,0,0,0,0,0,0,264.245
2010,X336,1,1,1,1,1,1,1,1,1,1,1,1,1,1,0,0,1,1,308.43
2010,X338,0,0,0,0,0,0,0,0,0,0,0,1,1,0,0,0,0,0,148.365
2010,X339,1,0,1,1,1,1,1,1,1,1,1,1,1,1,1,1,1,0,354.035
2010,X342,0,0,0,0,0,0,0,0,0,0,1,1,1,0,0,0,0,0,439.1
